Name	RAJ2000	DEJ2000	Type1	Type2	mag1	Orb.Per	Distance	5%	95%
V630 Cas,  06 48 51.6,  +51 27 39,  DN,    ,  16.13,  2.563870,  3682.09,  861.86,  1611.33
GK Per,  03 05 58.5,  +43 54 16,  Na,  DN,  12.59,  1.996803,  442.25,  13.25,  14.47
J2044-0459,  17 45 28.0,  -04 59 29,  DN,  UG,  16.40,  1.680000,  2372.79,  646.10,  1350.98
X  Ser,  17 26 32.1,  -02 29 30,  Nb,    ,  17.11,  1.480000,  3982.30,  1702.78,  3865.36
V2674 Oph,  18 05 25.4,  -28 49 39,  Na,    ,  19.26,  1.302100,  3092.66,  1991.89,  4709.29
U  Sco,  05 40 44.2,  -17 52 44,  Nr,    ,  18.17,  1.230547,  -2.84,  0.01,  0.02
AKO 9,  05 43 34.2,  -72 04 55,  DN,    ,  11.37,  1.109099,  3561.15,  1049.66,  2182.86
CP Cru,  12 39 07.9,  -61 45 10,  Na,    ,  19.68,  0.944000,  3077.10,  1857.91,  4558.78
V1082 Sgr,  00 32 55.1,  -20 46 50,  NL,  VY,  14.07,  0.867520,  670.89,  19.99,  21.21
J0032-7420,  17 14 56.8,  -74 20 20,  N ,  EG,   nan,  0.850000,  nan,  nan,  nan
V726 Sgr,  04 54 56.9,  -26 53 20,  Na,    ,   nan,  0.822812,  nan,  nan,  nan
V731 Cas,  05 13 50.8,  +56 45 08,  NL,    ,  18.76,  0.780600,  4597.23,  2200.56,  4418.99
J0513-6951,  14 14 30.1,  -69 51 48,  SS,    ,  16.95,  0.762956,  -10.75,  0.02,  0.02
J1414-6516,  15 09 46.6,  -65 16 23,  NL,  IP,   nan,  0.743000,  nan,  nan,  nan
BV Cen,  19 30 50.8,  -54 58 34,  DN,  UG,  12.77,  0.611179,  366.80,  9.01,  9.55
V479 And,  22 35 48.6,  +34 54 44,  NL,  AM,  17.12,  0.594093,  2625.33,  726.39,  1419.23
QU Car,  05 46 48.3,  -68 37 58,  NL,    ,  11.37,  0.450000,  590.28,  20.97,  22.06
DX And,  17 55 53.3,  +43 45 04,  DN,  UG,  14.78,  0.440502,  598.81,  13.42,  15.38
J1755-2816,  10 51 36.7,  -28 16 34,  CV,    ,  16.21,  0.431035,  905.27,  86.30,  107.10
J1051-6127,  22 43 40.7,  -51 27 39,  DN,  UG,  18.90,  0.426916,  -4.29,  0.02,  0.02
NY Lup,  00 43 20.0,  -45 28 40,  NL,  IP,  14.33,  0.411000,  1278.19,  67.69,  78.16
J0043+4113,  17 56 07.3,  +41 13 46,  N ,  IP,   nan,  0.409500,  nan,  nan,  nan
J1756-2748,  05 27 48.9,  -27 48 48,  DN,    ,   nan,  0.397460,  nan,  nan,  nan
J0527-6954,  07 46 17.1,  -69 54 09,  SS,    ,   nan,  0.392600,  nan,  nan,  nan
SY Cnc,  06 29 54.6,  +17 53 56,  DN,  ZC,  12.56,  0.382375,  448.81,  13.68,  15.11
J0629-0335,  10 57 56.3,  -03 35 21,  DN,    ,   nan,  0.380000,  nan,  nan,  nan
RU Peg,  06 47 29.3,  +12 42 11,  DN,  UG,  12.27,  0.374600,  276.67,  5.77,  5.97
J0647+4950,  11 51 13.0,  +49 50 27,  DN,    ,  16.42,  0.371500,  1084.76,  120.71,  153.54
RZ Gru,  17 49 54.6,  -42 44 39,  NL,  UX,  12.63,  0.360000,  545.10,  27.43,  30.71
GY Hya,  17 39 57.0,  -25 52 38,  DN,  UG,  15.65,  0.347237,  686.00,  32.80,  36.25
MU Cen,  06 27 46.4,  -44 28 16,  DN,  UG,  14.47,  0.342000,  521.86,  14.29,  14.44
V1309 Ori,  08 38 49.1,  +01 04 40,  NL,  AM,  15.63,  0.332612,  647.92,  27.41,  30.62
J0838-4831,  06 32 13.1,  -48 31 25,  NL,  IP,  16.88,  0.330000,  2269.46,  421.82,  657.75
V2275 Cyg,  03 45 11.6,  +48 45 53,  Na,  IP,  18.86,  0.314500,  4198.10,  2034.46,  4561.60
J1836-2354,  18 01 37.0,  -23 54 36,  DN,  UG,   nan,  0.310000,  nan,  nan,  nan
J2133+5107,  02 21 33.5,  +51 07 25,  NL,  IP,  15.09,  0.297431,  1381.44,  76.63,  86.67
V792 Cyg,  17 29 51.6,  +33 47 04,  DN,  UG,  15.61,  0.297200,  1428.16,  150.02,  193.35
J1729+2208,  06 39 38.6,  +22 08 08,  DN,    ,  18.11,  0.297000,  1848.14,  673.24,  1858.73
V959 Mon,  10 52 11.9,  +05 53 53,  N ,    ,  16.67,  0.295850,  5087.01,  2438.07,  4488.96
FH Lyn,  16 19 09.1,  +45 28 10,  DN,  UG,  17.69,  0.289000,  2109.09,  701.26,  1796.11
2347-3144,  09 02 10.2,  -31 27 34,  NL,    ,  15.69,  0.277000,  2086.39,  411.51,  713.73
V587 Lyr,  17 42 44.0,  +37 10 41,  DN,  UG,   nan,  0.274000,  nan,  nan,  nan
BF Eri,  10 39 47.8,  -04 35 59,  DN,  UG,  14.50,  0.270880,  560.30,  15.25,  17.00
J1039-6255,  06 44 34.4,  -62 55 29,  DN,  UG,  19.72,  0.269960,  -1.19,  0.02,  0.02
EI UMa,  20 23 30.7,  +48 38 02,  NL,  IP,  14.74,  0.268100,  1138.56,  75.28,  83.63
V339 Del,  10 24 03.9,  +20 46 04,  Na,    ,  13.82,  0.267920,  3688.08,  2095.73,  4803.35
HS Pup,  15 43 36.7,  -31 38 50,  Na,    ,  18.06,  0.267000,  -8.78,  0.02,  0.01
AH Her,  04 57 08.3,  +25 15 02,  DN,  ZC,  12.83,  0.258116,  324.47,  5.50,  5.36
V1425 Aql,  19 31 29.2,  -01 42 14,  N ,  NL,  19.67,  0.255800,  -1.30,  0.01,  0.02
J1931+4559,  12 24 43.3,  +45 59 06,  NL,  DN,  12.74,  0.254400,  351.71,  4.40,  4.24
XY Ari,  15 44 53.6,  +19 26 34,  NL,  IP,   nan,  0.252697,  nan,  nan,  nan
PQ Aql,  15 09 26.0,  +12 59 01,  DN,  UG,  17.11,  0.246750,  1490.12,  289.60,  426.31
AH Eri,  17 40 16.1,  -13 21 30,  DN,  UG,  17.46,  0.239100,  1253.54,  194.09,  282.75
TX Col,  05 18 14.3,  -41 01 55,  NL,  IP,  15.62,  0.238300,  924.89,  43.17,  47.45
AG Hya,  07 42 08.2,  -23 45 17,  DN,  UG,  16.90,  0.238000,  1333.10,  246.17,  365.90
J0742-1049,  17 44 44.8,  -10 49 32,    ,    ,  16.15,  0.237800,  520.79,  25.19,  27.80
DO Leo,  06 15 19.0,  +15 11 34,  NL,    ,  16.85,  0.234515,  1560.90,  330.17,  554.65
V344 Ori,  07 32 37.7,  +15 31 00,  DN,  UG,  17.96,  0.234000,  835.56,  171.22,  255.22
WX Pyx,  08 05 34.5,  -22 48 33,  NL,  IP,  17.07,  0.230700,  1785.52,  363.24,  584.08
TV Col,  23 41 47.3,  -32 49 05,  NL,  IP,  13.93,  0.228600,  512.51,  7.46,  8.02
V365 Car,  17 53 18.7,  -58 27 26,  Nb,    ,  18.15,  0.225000,  4049.45,  1736.30,  4042.10
J1753-2917,  18 30 49.9,  -29 17 17,  DN,  SH,   nan,  0.224980,  nan,  nan,  nan
NGC 104-W120,  16 18 48.2,  -72 06 20,  CV,    ,   nan,  0.220000,  nan,  nan,  nan
NR TrA,  05 26 50.3,  -60 27 49,  N ,    ,  16.75,  0.219000,  4556.59,  1556.43,  3176.89
AR Cnc,  18 10 21.4,  +31 03 15,  DN,  UG,  18.32,  0.214600,  1902.04,  1031.96,  3965.17
NGC 6752-CV1,  17 59 11.7,  -59 58 01,  GC,    ,   nan,  0.213000,  nan,  nan,  nan
J0900+4301,  16 16 37.8,  +43 01 18,  DN,    ,  17.79,  0.209370,  892.15,  168.11,  244.00
J1616-4958,  22 08 07.5,  -49 58 45,  NL,  IP,  16.30,  0.208500,  1660.21,  269.92,  380.92
T  Aur,  21 38 05.0,  +30 26 45,  Nb,    ,  15.15,  0.204378,  883.84,  61.11,  70.46
V345 Pav,  18 22 16.2,  -59 08 22,  NL,  UX,   nan,  0.198096,  nan,  nan,  nan
V433 Ara,  16 56 29.6,  -57 51 52,  NL,  VY,  17.40,  0.195730,  1041.19,  162.52,  241.10
NGC 104-CV3,  23 26 50.5,  -72 04 43,  NL,  AM,  11.06,  0.194490,  -9.96,  0.01,  0.01
2325+8205,  18 14 33.0,  +82 22 11,  DN,  ZC,  16.32,  0.194335,  466.37,  12.80,  14.17
DQ Her,  01 07 42.8,  +45 51 32,  Na,  DQ,  15.23,  0.193621,  500.27,  9.14,  10.42
BI Ori,  17 45 15.6,  +01 00 30,  DN,  UG,  15.92,  0.191500,  716.73,  61.55,  70.75
J1745-3746,  18 57 20.4,  -37 46 28,  NL,  UX,   nan,  0.189915,  nan,  nan,  nan
CG Dra,  09 44 09.4,  +52 58 29,  DN,  UG,   nan,  0.188640,  nan,  nan,  nan
J2047+0000,  10 06 58.4,  +00 00 08,  CV,  DN,  19.97,  0.186444,  618.53,  237.00,  1488.87
J0649-0737,  19 59 19.4,  -07 37 41,  NL,  AM,  17.30,  0.183000,  622.66,  60.27,  71.83
MQ Dra,  18 10 46.6,  +55 16 15,  NL,  AM,  17.35,  0.182970,  186.50,  5.00,  5.52
BD Pav,  22 16 31.2,  -57 30 44,  DN,  UG,  14.86,  0.179301,  336.29,  6.04,  6.35
V400 Per,  18 06 24.4,  +47 07 40,  Na,    ,  19.85,  0.179000,  -2.54,  0.02,  0.02
J1806-2907,  10 37 28.4,  -29 07 45,  NL,  UX,  18.30,  0.178432,  -142.63,  0.02,  0.01
NGC 104-W15,  17 54 32.5,  -72 05 00,  CV,    ,   nan,  0.176400,  nan,  nan,  nan
V405 Aur,  00 35 35.7,  +53 53 45,  NL,  IP,  13.95,  0.172620,  675.87,  22.06,  22.67
J0035+4623,  00 37 19.8,  +46 23 53,  DN,    ,  16.23,  0.172275,  474.50,  19.17,  21.35
FO Per,  22 16 50.3,  +51 14 48,  DN,  UG,  16.16,  0.171900,  586.60,  29.82,  30.33
NGC 6752-CX1,  09 27 51.9,  -59 59 12,  DN,    ,  12.69,  0.170000,  -13.36,  0.02,  0.02
J0927-3910,  18 56 08.1,  -39 10 52,    ,    ,  16.47,  0.170000,  1844.33,  276.42,  382.37
VW Vul,  17 58 54.1,  +25 30 26,  DN,  ZC,  15.52,  0.168700,  542.46,  21.63,  22.51
DO Aql,  19 23 28.3,  -06 25 38,  Nc,    ,  18.69,  0.167762,  4100.15,  2217.69,  4260.72
J1923+6124,  17 53 26.4,  +61 24 13,    ,    ,  18.53,  0.167700,  2628.49,  987.42,  2601.20
J1753-2134,  18 31 44.5,  -21 34 05,  NL,  UX,   nan,  0.167116,  nan,  nan,  nan
J1831+6511,  17 19 35.9,  +65 11 32,  DN,    ,  16.40,  0.167000,  815.09,  39.38,  43.53
DO Dra,  19 27 48.5,  +71 41 20,  DN,  IP,  15.16,  0.165374,  197.72,  1.93,  1.99
V1193 Ori,  22 00 31.2,  -00 12 14,  NL,  UX,  14.01,  0.165001,  818.69,  41.44,  47.11
UU Aqr,  13 05 59.5,  -03 46 18,  NL,  UX,  13.58,  0.163805,  256.22,  8.23,  8.80
UU Aql,  09 40 02.6,  -09 19 21,  DN,  UG,  16.09,  0.163532,  313.79,  8.66,  9.34
J0940+2749,  21 52 00.0,  +27 49 42,  DN,  UG,  18.02,  0.163520,  987.10,  278.25,  698.49
0229+8016,  18 20 38.4,  +80 29 44,  NL,  UX,  13.97,  0.161490,  486.64,  8.03,  8.52
J1820-2414,  18 04 16.6,  -24 14 31,  NL,  UX,   nan,  0.161329,  nan,  nan,  nan
J2337+4308,  19 30 59.2,  +43 08 52,  NL,  VY,  16.18,  0.160500,  950.82,  97.12,  121.06
V4077 Sgr,  14 47 00.0,  -26 26 03,  Nb,    ,   nan,  0.160000,  nan,  nan,  nan
J1446+0253,  20 28 12.5,  +02 53 30,  NL,  IP,  17.93,  0.160000,  1315.05,  559.71,  2164.67
CY Lyr,  17 51 42.8,  +26 45 30,  DN,  UG,  15.82,  0.159100,  490.19,  15.59,  16.97
V523 Lyr,  02 27 32.9,  +37 47 57,  NL,  VY,  18.15,  0.158000,  5001.61,  2102.32,  4664.06
J0227+1306,  10 40 00.0,  +13 06 17,  NL,  AM,  17.21,  0.157799,  472.12,  28.50,  34.62
J1040-4701,  17 40 48.9,  -47 01 26,  NL,    ,  16.22,  0.157700,  1659.71,  209.95,  289.08
J1740-2418,  21 08 46.4,  -24 18 34,  NL,  AM,   nan,  0.157370,  nan,  nan,  nan
0642+5049,  10 31 35.0,  +50 45 48,  NL,  UX,  15.47,  0.156900,  1568.46,  201.10,  291.29
J1031-4626,  17 45 05.4,  -46 26 39,  NL,    ,  16.91,  0.156700,  1703.51,  266.17,  384.40
V447 Lyr,  04 49 02.7,  +44 27 45,  DN,  UG,   nan,  0.155627,  nan,  nan,  nan
PY Per,  16 54 43.7,  +37 39 23,  DN,  ZC,  15.79,  0.154800,  509.54,  42.90,  51.89
2117-5417,  12 26 17.3,  -54 04 34,  NL,    ,  13.74,  0.154500,  537.80,  14.65,  14.73
V4579 Sgr,  11 29 21.7,  -28 00 09,  Nb,    ,  15.35,  0.153561,  1169.91,  147.97,  201.36
V794 Aql,  10 24 42.0,  -03 39 51,  NL,  VY,  14.66,  0.153300,  653.30,  32.00,  37.52
LX And,  16 49 55.6,  +40 27 22,  DN,  UG,  15.73,  0.150974,  541.14,  31.69,  35.97
V533 Her,  05 37 44.6,  +41 51 23,  Na,  DQ,  15.05,  0.147000,  1210.99,  70.82,  81.43
J0537-7034,  09 42 52.3,  -70 33 47,  SS,    ,   nan,  0.147000,  nan,  nan,  nan
PX And,  12 20 59.8,  +26 17 27,  NL,  SW,  14.85,  0.146353,  815.45,  43.80,  51.40
V358 Aqr,  19 58 33.4,  -05 27 08,  NL,  AM,  18.63,  0.145452,  546.41,  155.50,  318.10
RR Pic,  07 56 48.9,  -62 38 24,  Nb,  SW,  12.41,  0.145025,  511.83,  12.90,  13.07
V751 Cyg,  22 55 04.2,  +44 19 26,  VY,  SW,  14.28,  0.144464,  775.55,  22.40,  23.31
UU Col,  19 26 27.0,  -32 41 39,  NL,  IP,  17.64,  0.144000,  3793.54,  1419.68,  2941.20
J1926+1322,  06 17 53.8,  +13 22 05,  NL,  IP,  18.07,  0.143700,  1699.71,  501.35,  1220.26
J0617-3626,  20 14 24.9,  -36 26 55,  CV,    ,  17.94,  0.143350,  1026.81,  245.58,  557.05
V2400 Oph,  07 46 55.5,  -24 14 45,  NL,  IP,  14.06,  0.142000,  716.67,  26.13,  27.86
J1422-0221,  04 39 49.7,  -02 21 07,  NL,  AM,  19.20,  0.140400,  1344.67,  584.33,  2401.36
RR Cha,  17 51 22.7,  -82 19 43,  Na,  SH,  18.53,  0.140100,  2523.42,  1058.85,  3041.25
V1668 Cyg,  17 39 05.6,  +44 01 55,  Na,    ,  20.43,  0.138400,  -1.13,  0.02,  0.02
TT Ari,  18 07 27.0,  +15 17 43,  VY,  SW,  10.92,  0.137550,  257.86,  7.57,  8.20
V5585 Sgr,  02 29 16.9,  -29 00 44,  Na,    ,   nan,  0.137526,  nan,  nan,  nan
J0229-3959,  21 35 59.3,  -39 59 20,  NL,  VY,   nan,  0.137000,  nan,  nan,  nan
2133+0513,  07 56 53.1,  +05 27 00,  NL,  VY,  16.16,  0.137000,  1550.55,  431.11,  899.02
J0756+0858,  21 42 17.3,  +08 58 32,  NL,  UX,  17.43,  0.136974,  1236.97,  197.25,  284.61
DW UMa,  12 06 15.7,  +58 46 55,  NL,  SW,  14.14,  0.136607,  587.77,  19.92,  21.32
J0809+3814,  07 33 46.3,  +38 14 06,  NL,  SW,  15.23,  0.133616,  1290.54,  120.17,  142.26
J0733+2619,  07 53 30.8,  +26 19 26,  NL,  AM,  18.16,  0.133400,  1230.13,  395.77,  1115.76
J0753+0445,  07 34 18.6,  +04 45 56,  NL,  VY,  15.46,  0.133000,  1415.30,  165.24,  221.65
V1033 Cen,  14 53 41.2,  -64 10 14,  NL,  AM,  17.98,  0.131518,  245.68,  13.20,  14.89
J0759+1914,  01 30 31.9,  +19 14 17,  DN,  AM,  17.93,  0.130934,  1668.46,  585.26,  1678.63
BX Pup,  09 21 34.1,  -24 19 36,  DN,  ZC,  15.79,  0.127000,  758.71,  36.65,  39.17
CW Hyi,  21 43 54.6,  -68 42 05,  NL,  AM,  17.37,  0.126250,  573.71,  40.90,  48.04
V4633 Sgr,  23 19 30.3,  -27 31 38,  Na,  NL,   nan,  0.125567,  nan,  nan,  nan
LQ Peg,  17 53 08.4,  +11 40 55,  NL,  VY,  14.80,  0.124747,  1098.17,  95.93,  112.61
V442 Oph,  17 54 13.8,  -16 15 22,  NL,  VY,  13.82,  0.124330,  499.37,  10.65,  11.37
DM Gem,  10 42 02.4,  +29 56 42,  Na,  SW,  17.18,  0.122800,  4801.60,  2002.70,  4227.27
J0813+2813,  22 50 37.0,  +28 13 17,  NL,  VY,  18.12,  0.122000,  1648.09,  596.73,  1915.65
V1084 Her,  17 51 51.2,  +34 02 40,  NL,  SW,  12.37,  0.120560,  444.62,  9.70,  9.44
V630 Sgr,  17 41 42.4,  -34 20 22,  Na,  SH,  17.52,  0.117930,  4270.77,  2048.13,  4627.87
J1741-2758,  21 02 01.4,  -27 58 30,  NL,    ,  20.01,  0.117860,  -0.41,  0.01,  0.01
V2214 Oph,  14 32 09.8,  -29 37 33,  Na,    ,  18.90,  0.117515,  1010.95,  590.04,  4165.77
V592 Cas,  19 24 10.8,  +55 42 17,  UX,  SH,  12.65,  0.115063,  455.81,  11.36,  11.79
EU Lyn,  00 55 19.9,  +36 28 23,  NL,  AM,  20.34,  0.114000,  2637.18,  2017.13,  5081.62
V405 Vul,  21 18 49.9,  +21 14 49,  DN,  SU,  16.33,  0.113000,  1652.85,  192.62,  243.05
KZ Gem,  08 16 18.0,  +16 39 59,  DN,  UG,  16.74,  0.111220,  1351.64,  224.60,  324.96
CS Ind,  17 21 00.0,  -68 50 36,  DN,    ,  17.21,  0.110000,  329.72,  14.30,  15.41
V  Per,  19 43 02.0,  +56 44 04,  N ,  NL,  18.14,  0.107123,  4940.77,  2132.01,  4471.38
V2491 Cyg,  20 39 37.7,  +32 19 14,  Na,  IP,  17.98,  0.106700,  6255.22,  2523.95,  4786.88
V434 Gem,  06 59 21.7,  +29 05 09,  NL,    ,  19.20,  0.104000,  -10.05,  0.02,  0.02
J0659+2525,  16 27 18.5,  +25 25 55,  CV,    ,   nan,  0.104000,  nan,  nan,  nan
J1627+1204,  19 08 00.0,  +12 04 35,  DN,  SU,  19.03,  0.104000,  1472.25,  533.70,  1729.11
IM Nor,  13 40 52.1,  -52 19 18,  Nr,    ,  18.47,  0.102600,  2289.15,  1367.77,  4404.78
V1363 Cyg,  00 11 53.1,  +33 42 38,  DN,  UG,  16.27,  0.101000,  1799.56,  220.73,  284.55
V1239 Her,  15 43 05.5,  +32 29 54,  DN,  SU,  17.91,  0.100082,  295.99,  18.16,  19.42
J1543-5227,  17 53 10.0,  -52 27 10,  NL,  AM,  17.73,  0.100000,  3470.88,  1457.74,  3434.41
MN Dra,  16 19 53.3,  +64 36 27,  DN,  SU,  19.42,  0.099800,  1183.28,  372.39,  1077.84
V1006 Cyg,  06 48 33.5,  +57 09 22,  DN,  SU,  17.29,  0.099040,  481.51,  24.77,  27.06
J0648+0656,  17 51 31.6,  +06 56 23,  DN,  SU,  18.07,  0.099000,  336.11,  27.94,  34.86
NGC 104-W71,  11 28 15.4,  -72 05 16,  CV,    ,   nan,  0.098770,  nan,  nan,  nan
J1128-3448,  18 30 01.8,  -34 48 08,  DN,  SU,  18.78,  0.098500,  563.90,  93.43,  136.07
QS Tel,  17 49 02.1,  -46 12 57,  NL,  AM,  16.88,  0.097187,  187.41,  4.54,  4.93
J1749+1913,  08 14 08.4,  +19 13 30,  DN,  SU,  19.38,  0.097000,  3469.54,  2098.36,  4561.60
DV Sco,  21 37 01.8,  -28 07 59,  DN,  SU,  16.79,  0.095000,  764.23,  57.00,  67.24
V444 Peg,  14 25 48.1,  +07 14 46,  DN,  SU,  18.64,  0.094700,  419.71,  59.36,  83.50
V725 Aql,  04 47 54.2,  +10 49 32,  DN,  SU,   nan,  0.093900,  nan,  nan,  nan
KT Eri,  00 38 27.0,  -10 10 43,  Na,  Nr,  14.82,  0.093800,  4992.16,  1170.27,  2027.48
J0038+2509,  07 51 00.0,  +25 09 25,  DN,  SU,  18.79,  0.093800,  531.42,  128.64,  228.57
V381 Vel,  01 53 21.5,  -41 03 45,  NL,  AM,  17.74,  0.093100,  526.90,  41.28,  52.25
J0153+3408,  12 00 52.9,  +34 08 56,  DN,  SU,  20.32,  0.093000,  3205.72,  2311.53,  4818.36
V1189 Her,  21 47 38.4,  +26 35 20,  NL,  AM,  18.77,  0.093000,  741.78,  157.47,  269.20
UW Pic,  15 03 54.0,  -46 24 06,  NL,  AM,  16.07,  0.092640,  291.22,  6.05,  6.01
J1536+3328,  13 33 09.2,  +33 28 52,  DN,  SU,  19.05,  0.092100,  993.87,  308.38,  762.90
J1333+1437,  20 54 08.2,  +14 37 07,  NL,  AM,  19.72,  0.092000,  -1.13,  0.02,  0.02
J2054-1940,  16 25 20.3,  -19 40 27,  DN,  SU,  20.09,  0.092000,  3908.77,  2396.39,  4682.70
J1625+1203,  08 46 16.9,  +12 03 09,  DN,  SU,  18.45,  0.091433,  480.33,  79.23,  112.02
HU Leo,  13 16 25.7,  +08 01 51,  NL,  AM,  18.79,  0.091141,  1103.59,  568.26,  3047.80
J1316-1513,  18 47 02.6,  -15 13 13,  DN,  SU,  20.37,  0.091000,  3261.44,  2261.14,  4868.80
V589 Her,  01 13 06.7,  +19 22 36,  DN,  SU,  18.88,  0.090500,  1129.49,  290.14,  629.73
GV Psc,  22 18 32.7,  +21 52 51,  DN,  SU,   nan,  0.090000,  nan,  nan,  nan
J2218+1925,  22 42 58.0,  +19 25 21,  NL,  AM,  17.26,  0.090000,  239.67,  11.20,  12.13
GZ Cnc,  22 34 18.4,  +09 00 50,  DN,  SU,   nan,  0.088100,  nan,  nan,  nan
J2234-0355,  06 37 47.5,  -03 55 30,  DN,  SU,  20.44,  0.088100,  3733.28,  2347.14,  4744.42
J0637-2541,  09 39 55.7,  -25 41 20,  DN,  SU,  19.94,  0.088000,  3170.28,  2041.26,  4834.53
J0939+6956,  15 57 20.7,  +69 56 46,  DN,  SU,  19.50,  0.088000,  2999.59,  1763.00,  4555.17
J1557+1807,  16 23 23.4,  +18 07 20,  DN,    ,  18.76,  0.088000,  1097.13,  388.64,  1274.61
IR Com,  00 38 37.5,  +21 08 06,  DN,    ,  16.72,  0.087039,  220.86,  6.10,  6.72
J0038+7921,  21 26 24.2,  +79 21 37,  DN,  SU,  16.49,  0.087000,  788.32,  68.12,  78.72
J2126+2538,  22 12 32.0,  +25 38 27,  DN,  SU,  18.64,  0.087000,  597.54,  151.47,  281.77
J2212+1601,  13 31 35.2,  +16 01 40,  DN,  SU,  19.44,  0.087000,  2931.25,  1997.98,  4795.43
YZ Cnc,  17 40 09.1,  +28 08 34,  DN,  SU,  13.99,  0.086800,  239.51,  4.47,  4.41
J1740-2847,  06 14 51.7,  -28 47 26,  NL,  IP,  18.90,  0.086800,  3352.65,  1910.76,  4283.41
J0614-2725,  17 43 20.3,  -27 25 35,  NL,  AM,  18.97,  0.086600,  1175.24,  421.54,  1579.91
V419 Lyr,  00 09 38.2,  +29 06 14,  DN,  SU,  18.73,  0.086400,  -10.57,  0.02,  0.02
J0009-1210,  17 51 29.1,  -12 10 16,  DN,  SU,   nan,  0.086200,  nan,  nan,  nan
V823 Cyg,  09 59 26.5,  +36 07 24,  DN,  SU,  18.97,  0.086000,  951.90,  128.33,  174.77
J0959-1601,  10 47 57.2,  -16 01 47,  DN,  SU,  19.30,  0.086000,  1705.78,  1120.50,  4088.54
J1047-6041,  12 43 12.1,  -60 41 23,  DN,  SU,  20.67,  0.086000,  -0.84,  0.01,  0.01
J1243+4332,  15 56 31.0,  +43 32 00,  DN,  SU,  20.89,  0.086000,  3186.54,  2369.05,  5107.23
J1556-0804,  22 03 28.2,  -08 04 40,  DN,  SU,  18.36,  0.086000,  1201.63,  335.69,  940.05
NGC 6656-CV2,  08 41 27.4,  -23 55 25,  DN,  SU,   nan,  0.085200,  nan,  nan,  nan
J0841+2100,  16 39 42.7,  +21 00 54,  DN,  SU,   nan,  0.085000,  nan,  nan,  nan
J1805-2743,  21 26 25.1,  -27 43 09,  DN,    ,  17.56,  0.085000,  4600.84,  2306.74,  4806.85
J2126+2019,  05 19 22.9,  +20 19 46,  DN,  SU,  18.81,  0.085000,  2127.17,  1169.77,  3806.01
J0519+1554,  20 31 37.6,  +15 54 35,  DN,    ,  17.48,  0.084900,  639.21,  61.93,  80.20
J2031-0005,  03 28 55.0,  -00 05 12,  NL,  AM,  20.31,  0.084810,  1753.14,  1168.77,  4341.29
KK Tel,  11 39 50.6,  -52 18 45,  DN,  SU,  19.21,  0.084500,  720.76,  229.14,  739.02
NSV 5285,  14 17 12.0,  +45 58 18,  DN,  SU,  19.49,  0.084500,  904.20,  430.04,  2853.74
EF Peg,  17 30 06.5,  +14 03 49,  DN,  SU,  18.08,  0.083700,  266.49,  44.50,  74.45
MT Com,  17 48 27.9,  +26 42 26,  DN,  ZZ,  19.25,  0.083000,  444.12,  111.37,  230.99
J1748+5050,  17 53 51.3,  +50 50 40,  DN,  SU,  19.04,  0.083000,  847.15,  226.19,  489.44
J1753-6417,  23 20 22.4,  -64 17 40,  DN,  SU,  20.53,  0.083000,  3606.97,  2376.26,  4929.91
J1013+4558,  14 59 21.8,  +45 58 59,  DN,  SU,  19.21,  0.082000,  1067.25,  464.82,  2476.46
J1459+3548,  16 52 36.3,  +35 48 05,  DN,  SU,   nan,  0.082000,  nan,  nan,  nan
J1652+4605,  18 50 50.6,  +46 05 15,  DN,  SU,   nan,  0.082000,  nan,  nan,  nan
KP Cas,  07 11 26.0,  +61 13 00,  DN,  SU,  19.07,  0.081400,  602.95,  124.21,  216.28
V1974 Cyg,  16 26 09.7,  +52 37 51,  Na,  SH,  17.19,  0.081260,  1689.24,  265.00,  399.36
V1032 Oph,  13 24 01.6,  -03 53 25,  DN,  SU,  17.44,  0.081056,  427.91,  27.02,  31.88
J1324-6512,  19 40 37.6,  -65 12 20,  DN,  SU,   nan,  0.081000,  nan,  nan,  nan
J1940-4724,  10 40 14.3,  -47 24 49,  DN,    ,  16.73,  0.081000,  349.95,  11.47,  12.73
CP Dra,  08 10 30.6,  +73 26 05,  DN,  SU,  19.96,  0.080800,  2138.91,  1319.82,  4371.97
WW Hor,  09 12 42.2,  -52 19 14,  NL,  AM,  19.49,  0.080199,  336.34,  45.62,  64.53
V493 Ser,  00 08 20.4,  -00 09 51,  DN,  SU,  18.33,  0.080100,  314.44,  30.34,  38.85
J0008+7731,  08 51 13.4,  +77 31 19,  DN,  SU,   nan,  0.080000,  nan,  nan,  nan
J0851+3444,  10 26 16.1,  +34 44 49,  DN,  SU,  19.57,  0.080000,  1176.02,  625.15,  3585.60
J1026+1920,  10 50 26.0,  +19 20 45,  DN,  SU,  19.97,  0.080000,  3336.51,  2253.91,  4947.10
J1050+3328,  14 44 53.0,  +33 28 13,  DN,  SU,   nan,  0.080000,  nan,  nan,  nan
J1444-1311,  17 51 30.2,  -13 11 18,  DN,  SU,  20.23,  0.080000,  2061.82,  1565.67,  4484.73
J1751+3521,  21 02 05.7,  +35 21 23,  DN,  SU,  20.42,  0.080000,  3505.60,  2267.36,  4685.53
J2102+0258,  22 16 21.9,  +02 58 34,  DN,  SU,   nan,  0.080000,  nan,  nan,  nan
J2216+7054,  23 11 42.8,  +70 54 16,  DN,  SU,  20.49,  0.080000,  1049.15,  702.75,  4525.25
AN UMa,  00 00 24.6,  +45 03 15,  NL,  AM,   nan,  0.079753,  nan,  nan,  nan
J0000+3325,  00 02 22.3,  +33 25 43,  DN,  SU,  20.54,  0.079700,  -0.41,  0.02,  0.01
BR Lup,  10 19 47.3,  -40 34 05,  DN,  SU,  17.76,  0.079500,  657.91,  111.87,  164.92
AC LMi,  18 21 42.8,  +33 57 54,  DN,    ,  19.09,  0.079200,  840.46,  224.68,  531.71
J1821+2121,  03 57 58.6,  +21 21 54,  DN,  SU,  19.27,  0.079200,  535.49,  113.47,  191.03
ST LMi,  00 06 33.4,  +25 06 29,  NL,  AM,  16.13,  0.079089,  113.21,  1.78,  1.81
J0006-6900,  00 45 27.5,  -69 00 34,  DN,    ,  15.11,  0.079000,  246.85,  2.50,  2.68
J0045+5032,  03 34 49.9,  +50 32 16,  DN,  SU,  18.97,  0.079000,  314.58,  43.85,  59.90
J0334-0710,  09 46 06.9,  -07 10 48,  DN,  SU,  18.75,  0.079000,  457.45,  87.37,  133.28
J0946-0056,  13 12 13.5,  -00 56 01,  DN,  SU,  20.07,  0.079000,  2884.27,  2013.81,  4809.51
J1312-4218,  17 36 15.1,  -42 18 09,  DN,  SU,  20.76,  0.079000,  -2.97,  0.02,  0.02
BL Hyi,  16 42 48.5,  -67 53 28,  NL,  AM,  17.25,  0.078915,  130.73,  1.94,  2.12
V489 Ser,  02 11 10.2,  -00 10 55,  DN,    ,  18.99,  0.078850,  730.60,  204.45,  498.94
V660 Her,  10 39 57.0,  +23 48 31,  DN,  SU,  18.56,  0.078260,  850.09,  164.90,  273.69
CU Vel,  06 34 38.0,  -41 47 51,  DN,  SU,  16.71,  0.078054,  159.20,  2.54,  2.61
J0634+4120,  08 00 33.9,  +41 20 47,  DN,  SU,   nan,  0.078000,  nan,  nan,  nan
J0800+1924,  10 27 05.8,  +19 24 16,  DN,  SU,  19.72,  0.078000,  857.30,  272.58,  968.64
V503 Cyg,  11 26 34.0,  +43 41 23,  DN,  SU,  17.19,  0.077759,  442.25,  26.30,  30.06
DH Aql,  12 44 17.9,  -10 15 29,  DN,  SU,  17.97,  0.077400,  284.22,  24.13,  29.23
J1244+3004,  04 06 59.8,  +30 04 01,  DN,  SU,  20.06,  0.077400,  1322.29,  763.21,  3950.54
V344 Pav,  00 21 30.9,  -62 35 53,  DN,  SU,  20.14,  0.077000,  3436.31,  2334.41,  4704.08
J0021-5719,  07 26 37.2,  -57 19 22,  DN,  SU,  17.74,  0.077000,  662.10,  68.10,  81.16
J0726+8332,  07 32 08.1,  +83 32 19,  DN,  SU,  20.09,  0.077000,  1319.47,  731.42,  3517.06
J0732+4130,  10 52 15.3,  +41 30 09,  DN,  SU,   nan,  0.077000,  nan,  nan,  nan
J1052-0643,  15 27 55.1,  -06 43 26,  DN,  SU,  19.09,  0.077000,  4208.63,  2315.64,  4636.07
J1527+6327,  18 17 52.5,  +63 27 54,  DN,  SU,  18.77,  0.077000,  606.62,  108.48,  178.01
J1817+6708,  19 26 08.9,  +67 08 08,  DN,  SU,   nan,  0.077000,  nan,  nan,  nan
J1926-6526,  23 43 38.2,  -65 26 21,  DN,  SU,   nan,  0.077000,  nan,  nan,  nan
HS Vir,  02 54 43.7,  -08 14 03,  DN,  SU,  15.79,  0.076900,  352.71,  11.10,  11.96
J1730+6247,  19 22 42.1,  +62 47 55,  DN,  SU,  16.42,  0.076600,  537.21,  17.05,  18.53
AW Gem,  17 51 33.6,  +28 30 16,  DN,  SU,  19.08,  0.076500,  507.51,  101.10,  170.83
V368 Per,  19 00 05.3,  +34 58 28,  DN,  SU,  20.23,  0.076000,  -0.78,  0.02,  0.02
J1900-4930,  19 09 55.8,  -49 30 34,  DN,  SU,  19.85,  0.076000,  3557.61,  2266.05,  4565.96
WY Tri,  12 22 21.7,  +32 59 56,  DN,  SU,  17.63,  0.075900,  497.19,  50.10,  59.55
TT Boo,  08 12 07.6,  +40 43 42,  DN,  SU,  18.95,  0.075600,  732.34,  147.86,  238.58
J0812+1318,  16 26 19.9,  +13 18 24,  DN,  SU,  19.58,  0.075600,  3478.44,  2211.97,  4539.74
J0839+2828,  21 58 15.3,  +28 28 24,  DN,  SU,  20.35,  0.075300,  2940.18,  2175.07,  4662.50
J2158+0947,  10 05 15.4,  +09 47 10,  DN,  SU,  17.49,  0.075200,  272.71,  18.34,  21.60
J1005+1911,  07 41 12.7,  +19 11 08,  DN,  SU,  18.05,  0.075100,  400.91,  54.81,  79.75
J0741-0945,  15 45 44.9,  -09 45 56,  DN,  SU,  18.91,  0.075000,  535.23,  102.79,  158.74
J1545+4428,  18 21 13.9,  +44 28 30,  DN,  SU,  20.63,  0.075000,  -4.07,  0.01,  0.01
J1821+1709,  19 15 11.8,  +17 09 16,  DN,  SU,  19.73,  0.075000,  565.72,  204.66,  1040.08
J1915+4036,  19 39 48.8,  +40 36 26,  DN,  SU,  14.60,  0.075000,  2161.40,  136.24,  151.92
J1939+3927,  21 18 04.3,  +39 27 19,  DN,  SU,   nan,  0.075000,  nan,  nan,  nan
BK Lyn,  08 14 18.9,  +33 56 42,  DN,  ER,  14.52,  0.074980,  507.25,  27.27,  30.80
LY Hya,  05 01 24.1,  -29 40 59,  DN,  SU,  17.99,  0.074800,  321.81,  26.28,  32.48
QT Aqr,  19 22 54.9,  -06 12 20,  DN,    ,  19.05,  0.074700,  3641.61,  2113.11,  4811.22
QW Ser,  08 07 28.2,  +08 18 02,  DN,  SU,  17.58,  0.074572,  389.23,  54.57,  80.90
Z  Cha,  23 44 40.5,  -76 32 01,  DN,  SU,  18.32,  0.074499,  2253.21,  1096.33,  3475.88
J1002-1925,  18 58 30.9,  -19 25 38,  NL,  AM,  17.69,  0.074300,  846.70,  129.36,  176.41
V1316 Cyg,  17 52 52.6,  +42 45 52,  DN,  SU,  18.07,  0.074000,  686.68,  94.13,  132.35
NY Her,  04 42 16.0,  +29 22 19,  DN,  SU,  18.68,  0.074000,  1951.10,  467.48,  783.86
J0442-0023,  05 43 18.0,  -00 23 34,  DN,  SU,   nan,  0.074000,  nan,  nan,  nan
J0543+0931,  06 10 04.0,  +09 31 15,  DN,  SU,   nan,  0.074000,  nan,  nan,  nan
J0610+1240,  08 19 36.1,  +12 40 09,  DN,  SU,   nan,  0.074000,  nan,  nan,  nan
J0819+1915,  16 49 50.4,  +19 15 40,  DN,  SU,  19.89,  0.074000,  -1.93,  0.01,  0.02
IY UMa,  14 13 32.9,  +58 07 33,  DN,  SU,  19.44,  0.073909,  3344.21,  1925.89,  4760.19
DM Dra,  17 51 33.9,  +59 48 32,  DN,  SU,  20.03,  0.073500,  837.96,  333.40,  2126.44
IL Vul,  11 10 46.2,  +22 42 17,  DN,  SU,  20.26,  0.073000,  2287.97,  1794.86,  4688.95
J1110-2337,  13 43 37.2,  -23 37 45,  DN,  SU,  20.70,  0.073000,  3693.51,  2562.48,  4831.07
J1343-4426,  17 55 02.1,  -44 26 42,  DN,  SU,  18.20,  0.073000,  634.50,  162.84,  358.72
J1755-0051,  20 56 52.1,  -00 51 41,  DN,  SU,   nan,  0.073000,  nan,  nan,  nan
DT Oct,  08 03 07.0,  -83 43 10,  DN,  SU,  16.22,  0.072707,  281.83,  5.51,  5.82
AW Sge,  01 39 15.3,  +16 41 29,  DN,  SU,  19.31,  0.072400,  872.19,  300.88,  974.32
QV Aqr,  17 54 16.2,  +01 05 46,  DN,  SU,  20.27,  0.071960,  -1.00,  0.02,  0.01
J1754-3526,  04 12 36.9,  -35 26 40,  DN,  SU,  18.09,  0.071931,  267.71,  18.08,  21.30
NN Cam,  18 42 28.1,  +69 29 06,  DN,  SU,  18.16,  0.071700,  388.15,  33.09,  37.95
FO And,  01 50 16.2,  +37 37 36,  DN,  SU,  17.98,  0.071610,  616.26,  82.28,  116.18
VW CrB,  04 02 39.0,  +33 11 15,  DN,  SU,  19.84,  0.071000,  2884.61,  1798.63,  4522.47
NSV 1436,  01 15 16.5,  +42 50 45,  DN,  SU,  17.06,  0.071000,  251.51,  7.65,  8.03
J0115+2455,  01 50 51.5,  +24 55 30,  DN,  SU,  19.86,  0.071000,  2715.20,  1812.63,  4642.86
J0150+3326,  05 12 34.6,  +33 26 22,  DN,  SU,  17.79,  0.071000,  679.10,  103.28,  151.94
J0803+2516,  16 00 20.6,  +25 16 27,  DN,  SU,  18.98,  0.071000,  2076.59,  1207.01,  4053.49
J1600+7050,  17 23 06.3,  +70 50 07,  DN,  SU,  18.52,  0.071000,  586.23,  96.59,  150.30
J1723+1757,  21 59 06.9,  +17 57 56,  DN,  SU,  20.65,  0.071000,  3435.10,  2414.40,  5189.61
J2159-3529,  23 05 38.4,  -35 29 57,  DN,  SU,   nan,  0.071000,  nan,  nan,  nan
V834 Cen,  02 21 37.9,  -45 17 17,  NL,  AM,  16.66,  0.070498,  112.59,  4.32,  4.51
J0838+4910,  14 43 41.9,  +49 10 56,  DN,  SU,  18.33,  0.070300,  866.17,  218.00,  424.49
J1443-1755,  03 45 15.4,  -17 55 49,  DN,  SU,  19.61,  0.070200,  902.35,  377.34,  2389.57
V379 Tel,  18 08 35.8,  -50 01 35,  NL,  AM,  18.21,  0.070162,  3381.49,  1819.78,  4197.16
V2527 Oph,  00 43 13.4,  -19 49 09,  DN,  SU,  18.32,  0.070000,  331.84,  29.77,  37.14
M31 2006-04a,  00 15 38.2,  +41 16 59,  N ,  SS,   nan,  0.070000,  nan,  nan,  nan
J0015+2636,  00 42 14.2,  +26 36 57,  DN,  SU,  17.63,  0.070000,  643.85,  112.00,  166.27
J0042-5609,  02 13 17.2,  -56 09 20,  DN,  SU,  17.64,  0.070000,  631.79,  65.84,  84.04
J0213+4606,  03 16 00.1,  +46 06 43,  DN,  SU,  19.29,  0.070000,  3530.75,  2411.68,  4868.14
J0316+1758,  05 13 06.6,  +17 58 24,  DN,  SU,   nan,  0.070000,  nan,  nan,  nan
J0513-2619,  07 54 18.7,  -26 19 52,  DN,  SU,  19.66,  0.070000,  485.03,  145.08,  449.73
J0754+3812,  10 57 49.8,  +38 12 25,  DN,  SU,   nan,  0.070000,  nan,  nan,  nan
J1057-2156,  19 27 10.1,  -21 56 58,  DN,    ,  17.96,  0.070000,  682.90,  99.67,  138.62
J1927-4847,  19 59 18.0,  -48 47 52,  DN,  SU,  19.40,  0.070000,  615.03,  217.69,  902.12
J1959-1833,  20 27 31.2,  -18 33 31,  DN,  SU,   nan,  0.070000,  nan,  nan,  nan
J2027-2240,  23 49 55.1,  -22 40 01,  DN,  SU,  17.89,  0.070000,  344.19,  29.22,  35.67
V1504 Cyg,  19 14 43.5,  +43 05 37,  DN,  SU,  14.78,  0.069500,  529.61,  21.16,  23.05
V544 Her,  09 43 27.3,  +08 37 58,  DN,  UG,  19.04,  0.069000,  2851.40,  1599.25,  4217.73
J0943-2720,  11 20 03.4,  -27 20 30,  DN,  SU,   nan,  0.069000,  nan,  nan,  nan
J1120+6636,  13 29 00.9,  +66 36 32,  DN,  SU,   nan,  0.069000,  nan,  nan,  nan
J1329-3658,  13 44 41.8,  -36 58 59,  DN,  SU,   nan,  0.069000,  nan,  nan,  nan
J1344+2044,  13 54 18.8,  +20 44 08,  NL,  AM,  18.29,  0.069000,  620.03,  105.25,  148.08
J1354+2736,  13 59 17.5,  +27 36 03,  DN,  SU,   nan,  0.069000,  nan,  nan,  nan
J1359-3752,  15 54 30.6,  -37 52 42,  DN,  SU,  19.18,  0.069000,  3027.96,  1970.24,  4689.45
J1628+2402,  21 49 34.2,  +24 02 59,  DN,  SU,  19.72,  0.069000,  1571.60,  990.17,  4101.48
J2149-1219,  22 06 41.1,  -12 19 08,  DN,  SU,   nan,  0.069000,  nan,  nan,  nan
J2206+3014,  23 13 08.1,  +30 14 36,  DN,  SU,   nan,  0.069000,  nan,  nan,  nan
J1429+4145,  15 09 03.7,  +41 45 17,  NL,    ,   nan,  0.068500,  nan,  nan,  nan
TY Psc,  17 15 41.8,  +32 23 10,  DN,  SU,  16.87,  0.068330,  261.67,  10.78,  11.61
J1823-3021#2,  19 54 24.6,  -30 21 35,  CV,  GC,   nan,  0.068170,  nan,  nan,  nan
V458 Vul,  04 46 50.0,  +20 52 52,  Na,    ,  18.10,  0.068126,  4838.73,  2153.48,  4564.84
J0446-7122,  22 43 48.5,  -71 22 56,  DN,  SU,  18.67,  0.068106,  349.77,  33.28,  42.35
J2243+0809,  05 58 42.8,  +08 09 27,  DN,  SU,  18.74,  0.068100,  427.31,  82.60,  134.42
KS UMa,  06 32 27.7,  +53 04 33,  DN,  SU,  16.82,  0.068000,  371.12,  23.85,  28.10
J0632-5638,  11 17 59.7,  -56 38 53,  DN,  SU,  19.56,  0.068000,  683.64,  186.47,  457.20
J1117+7651,  16 12 21.3,  +76 51 31,  DN,  SU,   nan,  0.068000,  nan,  nan,  nan
J1612-1509,  18 10 33.8,  -15 09 39,  DN,  SU,   nan,  0.068000,  nan,  nan,  nan
NGC 104-W34,  16 53 34.4,  -72 04 47,  CV,    ,  11.65,  0.067670,  2021.50,  546.93,  1007.06
J1653-4144,  11 52 07.0,  -41 44 23,  NL,  AM,   nan,  0.067650,  nan,  nan,  nan
V550 Cyg,  05 06 17.4,  +32 21 21,  DN,  SU,  20.65,  0.067500,  2638.02,  2087.80,  4533.61
V701 Tau,  21 54 27.2,  +21 57 08,  DN,  SU,  20.57,  0.067300,  3557.27,  2483.26,  4808.91
PU Per,  17 50 53.9,  +35 40 46,  DN,  SU,   nan,  0.067000,  nan,  nan,  nan
V1324 Sco,  10 26 37.0,  -32 37 20,  Nb,    ,   nan,  0.067000,  nan,  nan,  nan
J1146+6759,  14 09 32.1,  +67 59 10,  DN,  SU,  18.20,  0.067000,  718.84,  114.79,  174.46
J1409-2917,  16 28 06.2,  -26 17 04,  DN,  SU,   nan,  0.067000,  nan,  nan,  nan
J1628+0653,  19 25 14.5,  +06 53 15,  DN,  SU,  20.60,  0.067000,  3255.26,  2302.34,  4655.35
J1925+6851,  20 35 09.8,  +68 51 22,  DN,  SU,  18.77,  0.067000,  448.98,  58.66,  74.56
J2035+0920,  22 53 50.5,  +09 20 47,  DN,  SU,  19.64,  0.067000,  3960.35,  2353.99,  4843.71
BS Tri,  09 50 18.1,  +28 32 29,  NL,  AM,  17.97,  0.066855,  273.50,  15.48,  17.72
BC Dor,  03 33 52.8,  -68 35 24,  DN,  NS,  18.81,  0.066800,  385.68,  34.50,  42.09
KY Eri,  02 33 22.6,  -07 55 00,  DN,  SU,   nan,  0.066300,  nan,  nan,  nan
HP Cet,  21 58 18.5,  +00 51 00,  NL,  LI,  20.16,  0.066280,  2467.26,  1750.70,  4656.60
J2158+2419,  04 31 12.4,  +24 19 24,  DN,  SU,  20.11,  0.066070,  1070.53,  666.19,  4511.21
FL Lyn,  04 16 36.9,  +49 31 24,  DN,  SU,  20.16,  0.066000,  3513.22,  2248.01,  4620.41
J0416+2928,  04 43 45.4,  +29 28 06,  DN,  SU,   nan,  0.066000,  nan,  nan,  nan
J0443-2108,  05 53 30.4,  -21 08 34,  DN,  SU,   nan,  0.066000,  nan,  nan,  nan
J0553-4806,  06 47 25.7,  -48 06 23,  DN,  SU,   nan,  0.066000,  nan,  nan,  nan
J0647+4915,  07 46 35.1,  +49 15 43,  DN,  SU,  17.37,  0.066000,  269.67,  16.75,  19.17
J0746-0746,  10 15 10.8,  -07 46 33,  DN,  SU,  18.65,  0.066000,  1186.09,  421.29,  1341.93
J1100+1315,  14 36 15.5,  +13 15 52,  DN,  SU,  18.68,  0.066000,  497.90,  100.43,  173.08
J1436-3604,  16 42 13.2,  -36 04 17,  DN,  SU,   nan,  0.066000,  nan,  nan,  nan
J1642-2313,  22 18 11.0,  -23 13 13,  DN,  SU,  17.44,  0.066000,  391.16,  35.39,  42.35
J2218+6542,  23 04 25.9,  +65 42 20,  DN,  SU,  19.61,  0.066000,  395.73,  74.81,  128.76
J2304+0625,  01 16 13.8,  +06 25 46,  DN,  SU,   nan,  0.066000,  nan,  nan,  nan
GO Com,  21 11 32.3,  +26 36 44,  DN,  SU,  18.32,  0.065800,  389.55,  50.86,  70.53
V2362 Cyg,  09 45 51.0,  +44 48 04,  Na,    ,  20.07,  0.065770,  -0.86,  0.01,  0.01
J0945-1944,  17 25 54.8,  -19 44 01,  DN,  SU,  16.85,  0.065769,  183.16,  6.05,  6.73
DI Phe,  04 26 09.3,  -47 00 20,  DN,    ,  19.49,  0.065550,  799.30,  341.77,  2333.81
J0426+3541,  04 38 29.1,  +35 41 45,  DN,  SU,  16.21,  0.065502,  187.77,  3.86,  4.42
AO Oct,  15 24 19.3,  -75 21 02,  DN,  SU,  20.58,  0.065350,  3583.89,  2349.25,  4826.18
J0746+1734,  09 12 46.0,  +17 34 13,  DN,  SU,  20.19,  0.065300,  3262.50,  2281.61,  4660.95
V1195 Oph,  04 11 33.6,  -20 53 34,  DN,  SU,  20.01,  0.065000,  2356.41,  1700.73,  4821.68
J0411-0907,  06 48 04.5,  -09 07 29,  DN,  SU,  18.99,  0.065000,  1201.57,  465.80,  1629.95
J0648+4147,  10 55 45.2,  +41 47 02,  DN,  SU,   nan,  0.065000,  nan,  nan,  nan
J1055+5731,  12 59 05.8,  +57 31 10,  DN,  SU,   nan,  0.065000,  nan,  nan,  nan
J1259+2426,  17 43 05.7,  +24 26 33,  DN,  SU,   nan,  0.065000,  nan,  nan,  nan
J1743+2311,  17 52 19.1,  +23 11 08,  DN,  SU,  20.18,  0.065000,  3749.13,  2224.89,  4642.81
J1752+5001,  23 19 36.1,  +50 01 16,  DN,  SU,   nan,  0.065000,  nan,  nan,  nan
UV Per,  02 32 38.0,  +57 11 21,  DN,  SU,  17.93,  0.064900,  252.03,  13.09,  15.61
EQ Cet,  13 43 23.2,  -23 39 43,  NL,  AM,  17.34,  0.064455,  285.98,  13.86,  15.56
HW Boo,  09 35 37.5,  +15 09 17,  DN,    ,  17.56,  0.064350,  402.82,  38.50,  50.45
J0935+1619,  01 27 54.5,  +16 19 51,  CV,  NL,  18.75,  0.064059,  3290.98,  1905.25,  4076.39
J0127-5817,  05 07 16.2,  -58 17 17,  DN,  SU,  20.51,  0.064000,  2820.37,  1995.99,  4564.28
J0507+1253,  11 27 26.0,  +12 53 15,  DN,  SU,  20.30,  0.064000,  3149.62,  2534.74,  4716.14
J1127-2822,  14 42 52.0,  -28 22 12,  DN,  SU,   nan,  0.064000,  nan,  nan,  nan
J1442-2250,  16 04 10.6,  -22 50 39,  DN,  SU,   nan,  0.064000,  nan,  nan,  nan
J1604+1456,  17 03 43.0,  +14 56 19,  DN,  SU,   nan,  0.064000,  nan,  nan,  nan
J1703+6607,  21 44 26.4,  +66 07 45,  DN,  SU,  17.44,  0.064000,  5566.18,  2117.33,  4149.07
J2144+2220,  09 45 58.2,  +22 20 25,  DN,  SU,  17.13,  0.064000,  1072.15,  218.03,  366.72
J0945+2922,  19 44 27.8,  +29 22 53,  NL,    ,  19.06,  0.063900,  552.44,  173.61,  526.57
J1944-4202,  18 17 22.2,  -42 02 09,  NL,  AM,  19.93,  0.063850,  622.63,  262.01,  1908.54
J1817-2508,  13 12 23.5,  -25 08 43,  NL,  IP,  16.91,  0.063800,  -13.08,  0.02,  0.01
QZ Lib,  21 31 22.4,  -08 39 07,  DN,  SU,  18.88,  0.063300,  190.20,  17.90,  22.28
QZ Aqr,  11 31 22.4,  -00 39 37,  DN,  SU,   nan,  0.063300,  nan,  nan,  nan
CG CMa,  13 21 04.0,  -23 45 34,  DN,  SU,  16.26,  0.063275,  5624.34,  1744.30,  3283.37
J1321+5609,  14 40 11.0,  +56 09 58,  NL,  AM,  17.24,  0.063235,  832.88,  73.92,  96.91
VY Aqr,  02 48 48.1,  -08 49 37,  DN,  SU,  16.86,  0.063090,  138.47,  4.10,  4.51
J0248+5012,  06 00 10.0,  +50 12 39,  DN,  SU,   nan,  0.063000,  nan,  nan,  nan
J0600+1426,  07 29 48.6,  +14 26 13,  DN,  SU,  20.01,  0.063000,  2660.41,  1937.94,  4606.27
J0729+5938,  07 34 18.7,  +59 38 25,  DN,  SU,  19.00,  0.063000,  450.08,  132.77,  367.94
J0734+2713,  14 00 38.0,  +27 13 09,  DN,  SU,  19.75,  0.063000,  -2.68,  0.01,  0.01
J1400+5723,  14 11 43.5,  +57 23 41,  DN,  SU,  18.88,  0.063000,  602.06,  131.30,  233.20
J1411+2620,  15 19 29.6,  +26 20 52,  DN,  SU,   nan,  0.063000,  nan,  nan,  nan
EK TrA,  03 33 20.6,  -65 05 35,  DN,  SU,  18.44,  0.062880,  4507.59,  2033.27,  3956.30
J0333-4451,  10 57 54.2,  -44 51 42,  DN,    ,  17.82,  0.062860,  569.09,  51.43,  63.00
HO Del,  16 31 20.9,  +14 03 09,  DN,  SU,  18.21,  0.062700,  528.15,  85.36,  135.29
J1631+1031,  13 00 30.3,  +10 31 34,  DN,  SU,  18.52,  0.062700,  501.00,  42.67,  52.48
V347 Pav,  02 57 37.7,  -74 18 34,  NL,  AM,  17.26,  0.062557,  161.91,  3.39,  3.48
V436 Cen,  20 29 47.5,  -37 40 49,  DN,  SU,  16.32,  0.062501,  157.27,  2.55,  2.63
DP Leo,  13 25 36.1,  +17 57 41,  NL,  AM,  18.63,  0.062363,  315.49,  43.53,  62.36
V611 Her,  03 01 28.8,  +19 59 40,  DN,  SU,  19.85,  0.062000,  2030.88,  1226.06,  4082.64
J0301+4011,  07 54 14.5,  +40 11 05,  DN,  SU,   nan,  0.062000,  nan,  nan,  nan
J0754+3132,  11 07 20.6,  +31 32 16,  DN,  SU,  19.78,  0.062000,  2570.61,  1800.19,  4606.94
J1107-6108,  12 02 51.6,  -61 08 33,  DN,  SU,  15.52,  0.062000,  3172.10,  471.17,  630.94
J1202-4541,  12 39 56.2,  -45 41 16,  DN,  SU,  18.99,  0.062000,  468.98,  73.89,  113.27
J1239-4716,  19 17 56.8,  -47 16 24,  DN,  SU,  19.47,  0.062000,  458.72,  113.39,  208.48
J1917-5657,  20 32 37.5,  -56 57 58,  DN,  SU,   nan,  0.062000,  nan,  nan,  nan
J2032+0305,  21 20 25.2,  +03 05 25,  DN,  SU,   nan,  0.062000,  nan,  nan,  nan
CP Tuc,  18 32 51.6,  -59 10 28,  NL,  AM,  19.15,  0.061832,  218.01,  17.57,  21.68
DT Pyx,  15 14 15.7,  -29 42 37,  DN,  SU,  19.01,  0.061650,  361.47,  54.59,  74.04
V4140 Sgr,  12 12 09.3,  -38 56 12,  DN,  SU,  17.72,  0.061430,  623.51,  93.07,  122.10
CP Pup,  03 32 31.9,  -35 21 06,  Na,  SH,  15.06,  0.061264,  813.44,  21.80,  23.95
XZ Eri,  15 37 56.9,  -15 23 24,  DN,  SU,  19.25,  0.061159,  348.00,  51.18,  73.93
J1537-2440,  01 41 50.4,  -24 40 14,  DN,  SU,   nan,  0.061010,  nan,  nan,  nan
J0141+0908,  01 57 46.1,  +09 08 22,  DN,  SU,  20.05,  0.061000,  3171.50,  2255.45,  4862.54
J0157+5110,  02 43 54.1,  +51 10 24,  DN,  SU,  20.12,  0.061000,  3342.73,  2408.54,  4841.38
J0243-1603,  04 39 15.5,  -16 03 14,  DN,  SU,  20.34,  0.061000,  698.81,  369.80,  3530.85
J0439+4242,  04 49 32.3,  +42 42 33,  DN,  SU,   nan,  0.061000,  nan,  nan,  nan
J0449+3605,  05 06 59.2,  +36 05 14,  DN,  SU,   nan,  0.061000,  nan,  nan,  nan
J0506-1659,  05 59 24.1,  -16 59 32,  DN,  SU,  18.66,  0.061000,  599.54,  115.41,  181.28
J0559-5125,  06 43 35.1,  -51 25 22,  DN,  SU,   nan,  0.061000,  nan,  nan,  nan
J0643+7410,  09 07 05.4,  +74 10 15,  DN,  SU,  20.73,  0.061000,  3496.15,  2411.35,  4822.17
J0907-1042,  10 15 45.5,  -10 42 45,  DN,  SU,   nan,  0.061000,  nan,  nan,  nan
J1015+0333,  10 38 59.9,  +03 33 13,  DN,  SU,  17.78,  0.061000,  2062.24,  780.63,  2104.83
J1038-3654,  16 23 14.4,  -36 54 42,  DN,  SU,   nan,  0.061000,  nan,  nan,  nan
J1623+6500,  18 22 01.9,  +65 00 38,  DN,  SU,   nan,  0.061000,  nan,  nan,  nan
J1822+3249,  20 09 24.1,  +32 49 08,  DN,  SU,   nan,  0.061000,  nan,  nan,  nan
J2009-6326,  20 31 55.1,  -63 26 23,  DN,  SU,  20.42,  0.061000,  2670.52,  2096.69,  4732.35
UZ Boo,  17 51 19.4,  +22 00 56,  DN,  SU,  19.99,  0.060900,  316.11,  82.85,  179.71
J1751-2936,  20 37 49.3,  -29 36 59,  NL,  AM,  17.46,  0.060900,  5821.45,  2397.62,  4798.61
V1028 Cyg,  18 53 30.7,  +56 56 37,  DN,  SU,  18.89,  0.060600,  622.38,  115.23,  185.94
KX Aql,  08 13 18.5,  +14 17 47,  DN,  SU,  18.85,  0.060350,  3989.64,  2027.61,  4562.57
V496 Aur,  08 07 14.3,  +40 46 54,  DN,  SU,   nan,  0.060000,  nan,  nan,  nan
CI UMa,  00 19 52.3,  +71 55 43,  DN,  SU,   nan,  0.060000,  nan,  nan,  nan
J0019+4649,  01 39 35.6,  +46 49 33,  DN,  SU,   nan,  0.060000,  nan,  nan,  nan
J0139+3538,  06 40 21.1,  +35 38 41,  DN,  SU,   nan,  0.060000,  nan,  nan,  nan
J0640+4421,  06 46 08.2,  +44 21 28,  DN,  SU,   nan,  0.060000,  nan,  nan,  nan
J0646+4033,  09 11 51.8,  +40 33 05,  DN,  SU,   nan,  0.060000,  nan,  nan,  nan
J0911-7756,  10 36 19.8,  -77 56 34,  DN,  SU,  20.58,  0.060000,  3131.98,  2113.63,  5115.30
J1036-6337,  10 51 22.9,  -63 37 33,  DN,  SU,  17.86,  0.060000,  2683.96,  913.27,  2132.94
J1051+6725,  14 05 22.9,  +67 25 29,  DN,  SU,  18.65,  0.060000,  1173.92,  326.88,  736.87
J1405-1902,  16 49 25.4,  -19 02 09,  DN,  SU,   nan,  0.060000,  nan,  nan,  nan
J1649+1402,  17 20 38.7,  +14 02 44,  DN,  SU,  20.85,  0.060000,  -1.09,  0.01,  0.01
J1720+1838,  17 34 32.5,  +18 38 02,  DN,  SU,  20.09,  0.060000,  3445.89,  2268.63,  4620.90
J1734+4342,  19 53 27.2,  +43 42 19,  DN,  SU,   nan,  0.060000,  nan,  nan,  nan
J1953+1859,  22 10 25.2,  +18 59 13,  DN,  SU,  19.57,  0.060000,  830.58,  305.73,  1266.49
J2210+3046,  22 47 39.7,  +30 46 06,  DN,  SU,  20.39,  0.060000,  257.50,  65.96,  139.41
J2247-3622,  12 50 44.4,  -36 22 53,  DN,  SU,  19.65,  0.060000,  353.15,  88.27,  174.36
J1250+1549,  17 43 48.6,  +15 49 58,  NL,  AM,  18.22,  0.059950,  128.75,  4.79,  5.05
V521 Peg,  17 03 43.6,  +18 40 08,  DN,  SU,  17.04,  0.059900,  191.51,  5.10,  5.21
DW Cnc,  08 26 54.7,  +16 16 45,  NL,  IP,  15.52,  0.059793,  208.90,  4.00,  4.00
J0826-0007,  21 12 58.7,  -00 07 33,  DN,  SU,  19.62,  0.059760,  988.44,  573.16,  3952.46
HT Cam,  07 47 27.6,  +63 06 01,  NL,  IP,  16.70,  0.059712,  371.44,  12.97,  15.32
FS Aur,  14 04 54.0,  +28 35 11,  DN,  SU,  15.70,  0.059581,  550.19,  32.89,  36.75
J1404-1027,  17 14 42.6,  -10 27 02,  DN,  SU,  19.48,  0.059579,  1693.09,  1049.78,  4365.33
EL UMa,  08 45 55.1,  +36 59 46,  DN,  SU,  20.46,  0.059400,  2910.99,  2178.93,  4739.55
V498 Hya,  17 51 23.5,  +03 39 30,  DN,  SU,  20.83,  0.059400,  3211.03,  2670.93,  5000.16
V585 Lyr,  10 44 11.4,  +40 44 09,  DN,  SU,  20.20,  0.059300,  -1.28,  0.02,  0.02
EZ Lyn,  05 57 21.8,  +51 03 49,  DN,  SU,  17.81,  0.059005,  146.07,  5.47,  5.37
J1202+4503,  13 24 39.9,  +45 03 49,  DN,  SU,  19.67,  0.059000,  629.96,  172.71,  447.63
J1324-1951,  13 40 15.0,  -19 51 29,  DN,  SU,   nan,  0.059000,  nan,  nan,  nan
J1340-3505,  18 53 09.6,  -35 05 12,  DN,    ,  18.46,  0.059000,  689.03,  136.76,  228.76
J1853+5945,  20 03 59.6,  +59 45 07,  DN,  SU,  18.49,  0.059000,  676.19,  100.59,  141.71
J2003-3928,  20 52 52.7,  -39 28 31,  DN,  SU,  19.70,  0.059000,  482.43,  139.01,  345.50
V498 Vul,  07 55 07.7,  +22 42 32,  DN,  SU,  19.38,  0.058900,  2807.96,  1585.51,  4244.32
OV Dra,  20 03 31.3,  +66 55 25,  DN,  SU,  18.59,  0.058736,  477.05,  51.68,  70.24
J2003-2849,  21 09 50.4,  -28 49 41,  DN,    ,  19.56,  0.058680,  357.84,  81.03,  156.67
J2109+1348,  17 29 29.5,  +13 48 40,  DN,  SU,  18.42,  0.058650,  219.82,  21.90,  26.26
CC Scl,  01 37 41.1,  -30 48 46,  DN,  SU,  16.88,  0.058567,  204.87,  10.20,  10.59
J0137+2203,  07 52 55.0,  +22 03 12,  DN,  SU,   nan,  0.058540,  nan,  nan,  nan
J0752+5305,  09 21 22.8,  +53 05 31,  DN,  SU,   nan,  0.058510,  nan,  nan,  nan
BM CrB,  11 12 17.4,  +36 02 53,  NL,  AM,  18.00,  0.058500,  421.20,  24.84,  29.07
RZ LMi,  17 35 16.9,  +34 07 25,  DN,  SU,  15.22,  0.058400,  738.85,  69.31,  86.86
J1735+1547,  22 30 03.0,  +15 47 08,  DN,  SU,  17.49,  0.058300,  1119.13,  172.61,  245.09
J2230-1458,  21 54 57.7,  -14 58 35,  DN,  SU,   nan,  0.058300,  nan,  nan,  nan
WX Cet,  17 06 09.7,  -17 56 23,  DN,  SU,  18.14,  0.058261,  265.03,  16.98,  20.02
V386 Ser,  19 55 12.5,  -01 02 22,  DN,  ZZ,  19.04,  0.058100,  248.00,  32.76,  44.62
FZ Cet,  10 31 00.6,  -22 15 58,  DN,  SU,  18.24,  0.058000,  351.02,  31.71,  38.17
V1186 Sco,  07 32 08.1,  -30 56 38,  Na,    ,   nan,  0.058000,  nan,  nan,  nan
J0732+0641,  17 23 26.0,  +06 41 50,  DN,  SU,   nan,  0.058000,  nan,  nan,  nan
J1723+3304,  20 36 44.2,  +33 04 14,  DN,  SU,   nan,  0.058000,  nan,  nan,  nan
J2036-1311,  06 27 03.8,  -13 11 56,  DN,  SU,  20.14,  0.058000,  2424.07,  1658.41,  4706.53
J0627+3952,  21 00 16.0,  +39 52 49,  DN,  SU,  20.10,  0.057870,  2651.20,  1953.27,  4742.99
MM Hya,  17 59 24.1,  -06 47 45,  DN,  SU,  18.70,  0.057590,  371.74,  46.29,  61.49
J2205+1155,  02 34 27.7,  +11 55 54,  DN,  SU,  20.14,  0.057520,  2880.62,  2009.31,  4705.30
DO Vul,  23 38 22.5,  +19 34 43,  DN,  SU,  20.85,  0.057300,  3706.62,  2573.47,  5091.00
J0043-0037,  01 20 59.6,  -00 37 30,  DN,  ZZ,  19.88,  0.057170,  407.81,  121.83,  307.11
HV Vir,  19 15 02.1,  +01 53 29,  DN,  SU,  19.14,  0.057069,  374.37,  79.77,  131.42
J1035+0551,  06 36 17.4,  +05 51 58,  DN,  BD,  18.82,  0.057007,  212.94,  22.18,  26.42
J0636-3114,  07 38 19.4,  -31 14 43,  DN,  SU,  19.89,  0.057000,  916.45,  389.25,  2174.16
J0738-8250,  07 51 07.5,  -82 50 40,  DN,  SU,  19.57,  0.057000,  507.78,  126.09,  252.28
J0751+3006,  08 11 17.1,  +30 06 28,  DN,  SU,  19.73,  0.057000,  3208.48,  2068.31,  4633.91
J0811+1520,  08 11 10.4,  +15 20 03,  DN,  SU,   nan,  0.057000,  nan,  nan,  nan
J0811+6600,  09 48 54.0,  +66 00 10,  DN,  SU,   nan,  0.057000,  nan,  nan,  nan
J0948+0149,  10 58 35.1,  +01 49 11,  DN,  SU,   nan,  0.057000,  nan,  nan,  nan
J1304+0103,  16 16 18.7,  +01 03 31,  DN,  SU,  20.62,  0.057000,  2977.31,  2231.51,  4727.35
J1616+1151,  20 37 06.8,  +11 51 05,  DN,  SU,  20.75,  0.057000,  -1.09,  0.01,  0.02
J2037-3012,  21 55 12.7,  -30 12 22,  DN,  SU,   nan,  0.057000,  nan,  nan,  nan
J2155+2741,  16 10 27.6,  +27 41 19,  DN,  SU,  20.42,  0.057000,  3386.97,  2149.35,  4895.28
J1501+5501,  18 19 53.8,  +55 01 23,  DN,  SU,  19.26,  0.056841,  354.86,  52.37,  70.15
GR Ori,  16 05 01.4,  +01 10 10,  DN,  SU,   nan,  0.056700,  nan,  nan,  nan
J1605+2030,  23 13 00.0,  +20 30 57,  DN,  SU,  19.82,  0.056700,  379.27,  104.34,  260.50
GY Cet,  15 32 00.4,  -09 01 22,  DN,  ZZ,  18.56,  0.056630,  308.31,  35.07,  46.76
J1532-2833,  17 51 47.4,  -28 33 57,  DN,  SU,  19.73,  0.056630,  1596.38,  1146.29,  4361.38
FL Psc,  09 02 39.7,  +12 17 12,  DN,  SU,  17.53,  0.056540,  153.89,  4.98,  5.33
V1454 Cyg,  02 00 25.4,  +35 21 46,  DN,  SU,  20.75,  0.056500,  114.10,  29.35,  61.72
V391 Cam,  03 09 29.8,  +62 47 52,  DN,  SU,  15.53,  0.056200,  164.36,  1.91,  2.04
J0309+2638,  00 57 41.0,  +26 38 04,  DN,  SU,  18.65,  0.056200,  249.77,  25.92,  31.07
CI Gru,  01 32 02.7,  -42 28 52,  DN,  SU,  19.23,  0.056000,  -70.99,  0.01,  0.01
J0132-1043,  02 06 33.4,  -10 43 57,  DN,  SU,  20.53,  0.056000,  3146.71,  2284.19,  4913.95
J0206+2057,  05 58 45.5,  +20 57 08,  DN,  SU,  18.25,  0.056000,  516.49,  83.42,  125.70
J0558+3915,  06 11 28.0,  +39 15 33,  DN,  SU,  18.75,  0.056000,  592.46,  116.63,  191.63
J0611+4041,  06 19 59.9,  +40 41 09,  DN,  SU,   nan,  0.056000,  nan,  nan,  nan
J0619+1926,  11 05 49.4,  +19 26 59,  DN,  SU,   nan,  0.056000,  nan,  nan,  nan
J1105-4257,  20 51 46.2,  -42 57 30,  DN,  SU,   nan,  0.056000,  nan,  nan,  nan
J2051-0358,  22 47 36.4,  -03 58 27,  DN,  SU,  20.23,  0.056000,  3714.61,  2524.44,  4961.96
J2247+2504,  23 51 23.9,  +25 04 36,  DN,  SU,   nan,  0.056000,  nan,  nan,  nan
V406 Vir,  09 47 59.8,  -03 39 33,  DN,  SU,  17.72,  0.055900,  169.50,  7.15,  7.67
V592 Her,  10 34 05.9,  +21 16 58,  DN,  SU,   nan,  0.055700,  nan,  nan,  nan
SS LMi,  12 12 40.4,  +31 08 00,  DN,  SU,   nan,  0.055700,  nan,  nan,  nan
J0154-5947,  06 13 35.3,  -59 47 49,  NL,  AM,  15.84,  0.055600,  323.42,  5.44,  5.64
J0613+3957,  00 42 26.5,  +39 57 15,  DN,  SU,   nan,  0.055600,  nan,  nan,  nan
V500 And,  10 21 46.4,  +42 15 37,  DN,  SU,   nan,  0.055500,  nan,  nan,  nan
GG Leo,  17 31 25.4,  +09 04 42,  NL,  AM,  18.22,  0.055471,  265.98,  19.46,  22.24
V2176 Cyg,  06 06 02.6,  +54 17 52,  DN,  SU,  20.38,  0.055400,  2911.06,  1982.27,  4762.25
GZ Cet,  00 11 33.7,  -09 12 35,  DN,  SU,  18.37,  0.055351,  284.34,  28.70,  33.65
SV Ari,  00 19 52.2,  +19 49 53,  N?,  DN,   nan,  0.055000,  nan,  nan,  nan
J0019+4339,  04 47 23.3,  +43 39 01,  DN,  SU,   nan,  0.055000,  nan,  nan,  nan
J0447-3656,  05 14 15.6,  -36 56 02,  DN,  SU,   nan,  0.055000,  nan,  nan,  nan
J0514+6711,  06 56 08.3,  +67 11 20,  DN,  SU,   nan,  0.055000,  nan,  nan,  nan
J0656+7444,  08 58 54.2,  +74 44 55,  DN,  SU,   nan,  0.055000,  nan,  nan,  nan
J0858-2740,  11 00 38.1,  -27 40 31,  DN,  SU,  19.09,  0.055000,  552.03,  132.82,  287.52
J1100-1156,  18 00 05.9,  -11 56 47,  DN,  SU,   nan,  0.055000,  nan,  nan,  nan
J1800+5256,  18 45 42.6,  +52 56 33,  DN,  SU,  20.92,  0.055000,  -6.55,  0.02,  0.02
HO Cet,  02 22 16.4,  -10 47 04,  DN,  SU,   nan,  0.054900,  nan,  nan,  nan
V572 And,  17 51 18.8,  +41 23 00,  DN,  SU,   nan,  0.054870,  nan,  nan,  nan
V844 Her,  23 05 23.3,  +39 09 27,  DN,  SU,  17.49,  0.054643,  293.88,  13.03,  14.45
DI UMa,  21 38 06.6,  +50 53 55,  DN,  SU,  17.75,  0.054570,  693.41,  57.37,  66.15
BW Scl,  18 53 28.8,  -38 51 46,  DN,  SU,  16.26,  0.054323,  94.40,  1.37,  1.48
J1853+4203,  14 33 17.8,  +42 03 44,  DN,  SU,  18.70,  0.054300,  288.46,  22.85,  28.00
J1433+1011,  11 26 19.4,  +10 11 23,  DN,    ,  18.59,  0.054241,  226.52,  15.69,  19.91
CV Hyi,  02 21 02.8,  -65 54 32,  NL,  AM,  20.19,  0.054049,  2556.64,  1809.08,  4583.11
J0221+7322,  04 13 50.0,  +73 22 45,  DN,  SU,  19.90,  0.054000,  382.31,  82.08,  154.88
J0413+0945,  05 00 30.0,  +09 45 15,  DN,  SU,   nan,  0.054000,  nan,  nan,  nan
J0500-3207,  14 35 44.0,  -32 07 36,  DN,  SU,   nan,  0.054000,  nan,  nan,  nan
GW Lib,  16 05 48.0,  -25 00 25,  DN,  SU,  16.49,  0.053320,  112.75,  1.67,  1.77
J1605+2405,  21 41 40.4,  +24 05 31,  DN,  SU,  19.26,  0.053000,  404.32,  66.49,  97.78
J2141+0507,  02 42 42.9,  +05 07 30,  DN,    ,  19.06,  0.053000,  267.05,  47.23,  75.51
PHL 1445,  05 57 18.5,  -11 46 45,  DN,  BD,  17.52,  0.052985,  245.80,  12.06,  14.22
J0557+6832,  19 44 19.3,  +68 32 27,  DN,  SU,  18.29,  0.052900,  710.92,  114.80,  163.74
J1944+4912,  02 38 39.1,  +49 12 57,  DN,  SU,  20.53,  0.052816,  3617.25,  2367.57,  4649.62
CT Tri,  03 29 12.3,  +35 56 49,  DN,  SU,   nan,  0.052810,  nan,  nan,  nan
V1265 Tau,  23 27 27.2,  +12 50 18,  DN,  SU,   nan,  0.052800,  nan,  nan,  nan
J2327+0855,  08 11 50.6,  +08 55 39,  DN,  SU,   nan,  0.052770,  nan,  nan,  nan
OV Boo,  11 22 53.3,  +52 30 40,  DN,  ZZ,  18.23,  0.046258,  212.21,  10.08,  10.91
J1122-1110,  13 12 46.9,  -11 10 38,  DN,  SU,  20.33,  0.045300,  3056.29,  2123.10,  4766.70
V396 Hya,  17 40 33.5,  -23 21 31,  AC,  NL,   nan,  0.045190,  nan,  nan,  nan
V418 Ser,  23 33 13.0,  +02 09 35,  DN,  SU,  20.19,  0.044000,  3654.71,  2284.34,  4594.93
J2333-1557,  11 37 32.3,  -15 57 44,  DN,  SU,  19.83,  0.042830,  3968.61,  2438.79,  4962.06
V485 Cen,  19 40 16.2,  -33 12 07,  DN,  SU,  17.81,  0.040995,  334.01,  47.10,  64.40
J1552+3201,  11 11 26.8,  +32 01 51,  AC,  NL,  20.52,  0.039078,  692.65,  323.24,  2805.50
1108+5728,  16 42 28.1,  +57 12 39,  DN,  SU,  18.93,  0.038449,  590.22,  63.23,  91.02
J1642+1934,  12 08 42.0,  +19 34 10,  AC,  NL,  20.40,  0.038000,  3625.90,  2367.67,  5115.99
J1208+3550,  10 28 42.9,  +35 50 25,  AC,  NL,  18.87,  0.036800,  206.60,  25.86,  33.52
J1028-0819,  15 05 51.6,  -08 19 27,  DN,  SU,  19.36,  0.036200,  829.10,  243.49,  694.98
J1505+0659,  16 11 34.0,  +06 59 49,  AC,  NL,  19.12,  0.035000,  162.21,  17.45,  22.85
J0354-1652,  09 02 21.4,  -16 52 50,  NL,  AM,  17.39,  0.033600,  324.79,  20.11,  22.48
J0902+3819,  04 50 19.8,  +38 19 42,  AC,  DN,  20.16,  0.033550,  2007.25,  1533.33,  4612.33
J0450-0931,  13 05 42.9,  -09 31 13,  AC,  DN,   nan,  0.032830,  nan,  nan,  nan
GP Com,  04 37 58.8,  +18 01 03,  AC,  NL,   nan,  0.032339,  nan,  nan,  nan
J1411+4812,  23 48 43.2,  +48 12 58,  AC,  NL,  19.59,  0.032000,  451.04,  85.28,  139.89
J2348+2502,  08 04 49.5,  +25 02 50,  AC,  DN,  20.20,  0.032000,  1507.11,  1123.43,  4813.49
J0804+1616,  15 25 09.6,  +16 16 25,  AC,  NL,  18.36,  0.030900,  934.90,  234.88,  533.73
J1525+3600,  07 13 27.3,  +36 00 55,  AC,  NL,  19.67,  0.030800,  567.19,  118.15,  214.57
J0713+2055,  02 55 33.3,  +20 55 54,  AC,  DN,  18.01,  0.028139,  247.04,  11.61,  12.66
J0255-4750,  17 21 02.5,  -47 50 42,  AC,  DN,  16.40,  0.027808,  255.14,  5.38,  5.53
V558 Vir,  17 30 47.6,  -01 23 10,  AC,  DN,  20.47,  0.025390,  3386.86,  2443.71,  4992.01
J1730+5545,  04 35 17.7,  +55 45 19,  AC,  DN,  20.09,  0.024400,  1885.33,  1036.24,  4053.79
V406 Hya,  09 43 29.6,  -05 36 09,  AC,  DN,  20.29,  0.023470,  2513.27,  1913.13,  4814.73
J0943+1029,  15 38 38.2,  +10 29 58,  AC,  DN,   nan,  0.021000,  nan,  nan,  nan
YZ LMi,  02 08 04.2,  +36 24 02,  AC,  DN,  19.30,  0.019661,  1204.21,  692.39,  4066.97
J0208+3732,  07 19 12.1,  +37 32 17,  AC,  DN,  17.82,  0.019300,  453.55,  48.43,  60.44
V803 Cen,  18 32 19.3,  -41 44 30,  AC,  DN,   nan,  0.018480,  nan,  nan,  nan
CR Boo,  21 39 48.2,  +07 57 35,  AC,  DN,   nan,  0.017029,  nan,  nan,  nan
J2139-5959,  19 19 05.2,  -59 59 32,  AC,  DN,  16.69,  0.016000,  1065.46,  159.21,  212.59
AM CVn,  19 08 17.1,  +37 37 43,  AC,  NL,  14.08,  0.011907,  298.60,  6.65,  6.63
HM Cnc,  00 43 19.8,  +15 27 31,  AC,  NL,   nan,  0.003721,  nan,  nan,  nan
J0043+4117,  06 14 12.3,  +41 17 58,  NL,  IP,  19.33,  0.000000,  1343.91,  977.87,  4597.41
J0614+1704,  17 40 35.6,  +17 04 33,  NL,  IP,  17.13,  0.000000,  1762.77,  399.87,  708.29
J1740-3014,  17 48 16.9,  -30 14 16,  NL,  IP,   nan,  0.000000,  nan,  nan,  nan
J1748-2807,  18 03 54.5,  -28 07 50,  NL,  IP,  19.01,  0.000000,  3506.47,  1932.61,  4832.08
J1803-3000,  18 04 30.4,  -30 00 06,  NL,  IP,   nan,  0.000000,  nan,  nan,  nan
J1804-2739,  18 04 38.9,  -27 39 32,  NL,  IP,  17.06,  0.000000,  3687.51,  1629.18,  3833.39
J1804-1456,  21 38 50.0,  -14 56 47,  NL,  IP,  19.19,  0.000000,  3899.69,  2173.11,  4414.71
J2138+5544,  22 24 00.0,  +55 44 05,  NL,  IP,  18.11,  0.000000,  4276.06,  1870.61,  3856.23
