V1017 Sgr,  18 32 04.5,  -29 23 12,  V1017 Sgr,  18 32 04.47,  -29 23 12.3
MR Vel,  09 25 45.9,  -47 58 18,  MR Vel,  09 25 46.03,  -47 58 17.8
V630 Cas,  23 48 51.9,  +51 27 39,  V630 Cas,  23 48 51.91,  +51 27 39.4
GK Per,  03 31 12.0,  +43 54 16,  GK Per,  03 31 12.01,  +43 54 15.4
V394 CrA,  18 00 26.0,  -39 00 35,  V394 CrA,  18 00 25.97,  -39 00 35.1
X  Ser,  16 19 17.7,  -02 29 30,  X Ser,  16 19 17.71,  -02 29 30.0
U  Sco,  16 22 30.8,  -17 52 44,  U Sco,  16 22 30.81,  -17 52 44.1
CP Cru,  12 10 31.4,  -61 45 10,  CP Cru,  12 10 31.33,  -61 45 09.7
V1082 Sgr,  19 07 21.9,  -20 46 50,  V1082 Sgr,  19 07 21.87,  -20 46 50.3
V726 Sgr,  18 19 33.7,  -26 53 20,  V726 Sgr,  18 19 33.69,  -26 53 19.6
V731 Cas,  23 57 00.3,  +56 45 08,  V731 Cas,  23 57 00.17,  +56 45 08.8
V723 Cas,  01 05 05.4,  +54 00 41,  V723 Cas,  01 05 05.37,  +54 00 40.5
V368 Aql,  19 26 34.4,  +07 36 14,  V368 Aql,  19 26 34.44,  +07 36 13.4
QR And,  00 19 49.8,  +21 56 53,  QR And,  00 19 49.93,  +21 56 52.1
V445 Pup,  07 37 56.9,  -25 56 59,  V445 Pup,  07 37 56.88,  -25 56 58.8
V478 Her,  17 21 05.6,  +23 39 40,  V478 Her,  17 21 05.60,  +23 39 36.8
CI Aql,  18 52 03.6,  -01 28 39,  CI Aql,  18 52 03.59,  -01 28 39.3
BV Cen,  13 31 19.6,  -54 58 34,  BV Cen,  13 31 19.48,  -54 58 33.5
V841 Oph,  16 59 30.3,  -12 53 27,  V841 Oph,  16 59 30.37,  -12 53 27.2
DI Lac,  22 35 48.6,  +52 43 00,  DI Lac,  22 35 48.60,  +52 42 59.5
V  Sge,  20 20 14.8,  +21 06 09,  V Sge,  20 20 14.69,  +21 06 10.4
UY Pup,  07 46 31.2,  -12 57 09,  UY Pup,  07 46 31.24,  -12 57 09.0
V442 Cen,  11 24 51.9,  -35 54 38,  V442 Cen,  11 24 51.93,  -35 54 36.8
EY Cyg,  19 54 36.8,  +32 21 55,  EY Cyg,  19 54 36.74,  +32 21 55.1
QU Car,  11 05 42.8,  -68 37 58,  QU Car,  11 05 42.51,  -68 37 58.2
DX And,  23 29 46.7,  +43 45 04,  DX And,  23 29 46.68,  +43 45 04.1
KO Vel,  10 15 58.4,  -47 58 11,  KO Vel,  10 15 58.31,  -47 58 10.1
Q  Cyg,  21 41 43.9,  +42 50 29,  Q Cyg,  21 41 43.93,  +42 50 29.1
WX Cen,  13 12 52.5,  -63 23 45,  WX Cen,  13 12 52.38,  -63 23 45.9
V1062 Tau,  05 02 27.5,  +24 45 23,  V1062 Tau,  05 02 27.47,  +24 45 23.4
AE Aqr,  20 40 09.0,  -00 52 16,  AE Aqr,  20 40 09.16,  -00 52 15.1
SY Cnc,  09 01 03.4,  +17 53 56,  SY Cnc,  09 01 03.34,  +17 53 56.1
AT Ara,  17 30 33.8,  -46 05 59,  AT Ara,  17 30 33.79,  -46 05 58.1
RU Peg,  22 14 02.6,  +12 42 11,  RU Peg,  22 14 02.56,  +12 42 11.5
RZ Gru,  22 47 12.0,  -42 44 39,  RZ Gru,  22 47 12.00,  -42 44 38.7
QZ Aur,  05 28 34.0,  +33 18 23,  QZ Aur,  05 28 34.06,  +33 18 20.9
GY Hya,  14 30 30.5,  -25 52 38,  GY Hya,  14 30 30.47,  -25 52 38.0
CH UMa,  10 07 00.6,  +67 32 47,  CH UMa,  10 07 00.69,  +67 32 47.3
MU Cen,  12 12 53.9,  -44 28 16,  MU Cen,  12 12 53.88,  -44 28 16.1
BT Mon,  06 43 47.2,  -02 01 15,  BT Mon,  06 43 47.25,  -02 01 14.7
V1309 Ori,  05 15 41.4,  +01 04 40,  V1309 Ori,  05 15 41.41,  +01 04 40.4
V392 Hya,  10 58 56.4,  -29 14 41,  V392 Hya,  10 58 56.44,  -29 14 41.0
AF Cam,  03 32 15.6,  +58 47 22,  AF Cam,  03 32 15.48,  +58 47 22.5
V363 Aur,  05 33 33.5,  +36 59 32,  V363 Aur,  05 33 33.46,  +36 59 32.5
HQ Mon,  07 11 33.7,  +00 52 05,  HQ Mon,  07 11 33.74,  +00 52 06.7
V2275 Cyg,  21 03 02.0,  +48 45 53,  V2275 Cyg,  21 03 02.00,  +48 45 52.9
V2069 Cyg,  21 23 44.8,  +42 18 02,  V2069 Cyg,  21 23 44.84,  +42 18 01.8
V1174 Sgr,  18 01 37.0,  -28 44 19,  V1174 Sgr,  18 01 37.,  -28 44 26.
RY Ser,  17 23 07.2,  -12 48 09,  RY Ser,  17 23 07.18,  -12 48 09.8
AC Cnc,  08 44 27.2,  +12 52 32,  AC Cnc,  08 44 27.13,  +12 52 32.0
V2274 Cyg,  20 07 17.9,  +36 04 37,  V2274 Cyg,  20 07 17.94,  +36 04 37.2
V838 Her,  18 46 31.5,  +12 14 02,  V838 Her,  18 46 31.46,  +12 14 02.0
V792 Cyg,  19 31 01.0,  +33 47 04,  V792 Cyg,  19 31 00.95,  +33 47 04.1
EM Cyg,  19 38 40.1,  +30 30 28,  EM Cyg,  19 38 40.11,  +30 30 28.3
Z  Cam,  08 25 13.2,  +73 06 39,  Z Cam,  08 25 13.18,  +73 06 39.2
V1059 Sgr,  19 01 50.4,  -13 09 43,  V1059 Sgr,  19 01 50.43,  -13 09 42.5
V426 Oph,  18 07 51.7,  +05 51 49,  V426 Oph,  18 07 51.69,  +05 51 47.8
ST Cha,  10 47 15.6,  -79 28 07,  ST Cha,  10 47 15.61,  -79 28 06.9
V2540 Oph,  17 37 34.4,  -16 23 18,  V2540 Oph,  17 37 34.41,  -16 23 17.9
BY Cir,  14 44 53.6,  -63 53 55,  BY Cir,  14 44 53.46,  -63 53 55.8
V972 Oph,  17 34 44.5,  -28 10 36,  V972 Oph,  17 34 44.48,  -28 10 35.5
V4743 Sgr,  19 01 09.3,  -22 00 06,  V4743 Sgr,  19 01 09.32,  -22 00 06.2
SS Cyg,  21 42 42.7,  +43 35 10,  SS Cyg,  21 42 42.80,  +43 35 09.9
V587 Lyr,  19 17 26.5,  +37 10 41,  V587 Lyr,  19 17 26.46,  +37 10 40.8
BF Eri,  04 39 29.9,  -04 35 59,  BF Eri,  04 39 29.94,  -04 35 58.6
CM Phe,  00 21 33.1,  -51 42 34,  CM Phe,  00 21 33.17,  -51 42 34.8
TT Crt,  11 34 47.2,  -11 45 30,  TT Crt,  11 34 47.17,  -11 45 30.3
EI UMa,  08 38 22.0,  +48 38 02,  EI UMa,  08 38 21.99,  +48 38 02.1
U  Leo,  10 24 03.9,  +14 00 26,  U Leo,  10 24 03.3,  +14 00 11.
HS Pup,  07 53 24.9,  -31 38 50,  HS Pup,  07 53 24.90,  -31 38 50.2
TW Pic,  05 34 50.7,  -58 01 41,  TW Pic,  05 34 50.60,  -58 01 40.7
BV Pup,  07 49 05.3,  -23 34 01,  BV Pup,  07 49 05.26,  -23 34 00.4
TZ Per,  02 13 51.0,  +58 22 53,  TZ Per,  02 13 50.91,  +58 22 51.9
FY Per,  04 41 56.6,  +50 42 36,  FY Per,  04 41 56.63,  +50 42 36.0
AH Her,  16 44 10.0,  +25 15 02,  AH Her,  16 44 10.01,  +25 15 02.0
V1425 Aql,  19 05 26.7,  -01 42 14,  V1425 Aql,  19 05 26.68,  -01 42 14.2
XY Ari,  02 56 08.2,  +19 26 34,  XY Ari,  02 56 08.1,  +19 26 34.
RU LMi,  10 02 07.5,  +33 51 00,  RU LMi,  10 02 07.46,  +33 51 00.3
LL Lyr,  18 35 12.9,  +38 20 04,  LL Lyr,  18 35 12.78,  +38 20 04.7
V1039 Cen,  13 55 41.2,  -64 15 57,  V1039 Cen,  13 55 41.23,  -64 15 57.1
PQ Aql,  19 53 06.6,  +12 59 01,  PQ Aql,  19 53 06.65,  +12 59 00.8
RW Sex,  10 19 56.6,  -08 41 56,  RW Sex,  10 19 56.62,  -08 41 56.1
AH Eri,  04 22 38.1,  -13 21 30,  AH Eri,  04 22 38.05,  -13 21 30.5
TX Col,  05 43 20.2,  -41 01 55,  TX Col,  05 43 20.23,  -41 01 54.6
AG Hya,  09 50 29.8,  -23 45 17,  AG Hya,  09 50 29.76,  -23 45 17.5
DO Leo,  10 40 51.2,  +15 11 34,  DO Leo,  10 40 51.22,  +15 11 33.7
V344 Ori,  06 15 19.0,  +15 31 00,  V344 Ori,  06 15 18.95,  +15 30 59.6
VY Scl,  23 29 00.5,  -29 46 46,  VY Scl,  23 29 00.48,  -29 46 45.9
V347 Pup,  06 10 33.6,  -48 44 26,  V347 Pup,  06 10 33.66,  -48 44 25.4
RW Tri,  02 25 36.1,  +28 05 51,  RW Tri,  02 25 36.16,  +28 05 50.9
WX Pyx,  08 33 05.8,  -22 48 33,  WX Pyx,  08 33 05.74,  -22 48 32.2
TV Col,  05 29 25.4,  -32 49 05,  TV Col,  05 29 25.52,  -32 49 04.0
V705 Cas,  23 41 47.3,  +57 31 00,  V705 Cas,  23 41 47.20,  +57 30 59.8
V365 Car,  11 03 15.9,  -58 27 26,  V365 Car,  11 03 15.82,  -58 27 26.1
EZ Del,  20 25 22.9,  +15 45 58,  EZ Del,  20 25 22.93,  +15 45 57.9
V709 Cas,  00 28 48.9,  +59 17 22,  V709 Cas,  00 28 48.84,  +59 17 22.3
CN Vel,  11 02 38.7,  -54 23 10,  CN Vel,  11 02 38.5,  -54 23 10.
CZ Ori,  06 16 43.2,  +15 24 12,  CZ Ori,  06 16 43.21,  +15 24 11.4
FO Aql,  19 16 38.2,  +00 07 37,  FO Aql,  19 16 38.17,  +00 07 37.0
AY Psc,  01 36 55.4,  +07 16 30,  AY Psc,  01 36 55.46,  +07 16 29.3
V513 Cas,  00 18 14.9,  +66 18 14,  V513 Cas,  00 18 14.90,  +66 18 13.5
HL CMa,  06 45 17.2,  -16 51 35,  HL CMa,  06 45 17.22,  -16 51 34.7
PQ Gem,  07 51 17.4,  +14 44 25,  PQ Gem,  07 51 17.33,  +14 44 23.9
AR Cnc,  09 22 07.5,  +31 03 15,  AR Cnc,  09 22 07.57,  +31 03 14.4
HR Del,  20 42 20.4,  +19 09 40,  HR Del,  20 42 20.35,  +19 09 39.3
AR Cir,  14 48 09.2,  -60 00 25,  AR Cir,  14 48 09.53,  -60 00 27.5
PW Vul,  19 26 05.1,  +27 21 59,  PW Vul,  19 26 05.03,  +27 21 57.0
AP Cru,  12 31 20.6,  -64 26 25,  AP Cru,  12 31 20.43,  -64 26 24.7
HZ Pup,  08 03 22.8,  -28 28 29,  HZ Pup,  08 03 22.83,  -28 28 28.3
EX Dra,  18 04 14.1,  +67 54 12,  EX Dra,  18 04 14.23,  +67 54 12.4
RX And,  01 04 35.6,  +41 17 58,  RX And,  01 04 35.54,  +41 17 57.8
V4745 Sgr,  18 40 02.6,  -33 26 56,  V4745 Sgr,  18 40 02.55,  -33 26 55.6
TW Tri,  01 36 37.0,  +32 00 40,  TW Tri,  01 36 37.01,  +32 00 40.0
V617 Sgr,  18 07 50.9,  -35 10 25,  V617 Sgr,  18 07 50.89,  -35 10 24.9
V3885 Sgr,  19 47 40.5,  -42 00 26,  V3885 Sgr,  19 47 40.53,  -42 00 26.4
V446 Her,  18 57 21.6,  +13 14 29,  V446 Her,  18 57 21.61,  +13 14 28.4
V825 Her,  17 18 37.0,  +41 15 51,  V825 Her,  17 18 37.00,  +41 15 51.2
T  Aur,  05 31 59.1,  +30 26 45,  T Aur,  05 31 59.12,  +30 26 45.1
FO Aqr,  22 17 55.4,  -08 21 05,  FO Aqr,  22 17 55.39,  -08 21 03.8
AT Cnc,  08 28 36.9,  +25 20 03,  AT Cnc,  08 28 36.92,  +25 20 03.0
HX Peg,  23 40 23.7,  +12 37 42,  HX Peg,  23 40 23.70,  +12 37 41.7
CZ Aql,  19 19 58.2,  -07 10 55,  CZ Aql,  19 19 58.20,  -07 10 55.3
V895 Cen,  14 29 27.2,  -38 04 10,  V895 Cen,  14 29 27.22,  -38 04 09.5
V345 Pav,  19 35 43.0,  -59 08 22,  V345 Pav,  19 35 42.90,  -59 08 22.4
UX UMa,  13 36 41.0,  +51 54 50,  UX UMa,  13 36 40.96,  +51 54 49.5
V433 Ara,  17 00 06.1,  -57 51 52,  V433 Ara,  17 00 06.06,  -57 51 52.1
V363 Lyr,  19 08 51.6,  +43 00 32,  V363 Lyr,  19 08 51.59,  +43 00 31.6
CT Ser,  15 45 39.1,  +14 22 33,  CT Ser,  15 45 39.07,  +14 22 32.1
IX Vel,  08 15 18.9,  -49 13 18,  IX Vel,  08 15 18.99,  -49 13 19.8
DQ Her,  18 07 30.4,  +45 51 32,  DQ Her,  18 07 30.26,  +45 51 32.1
AI Tri,  02 03 48.6,  +29 59 26,  AI Tri,  02 03 48.60,  +29 59 26.0
V825 Sco,  17 49 53.8,  -33 32 13,  V825 Sco,  17 49 53.65,  -33 32 13.7
BI Ori,  05 23 51.8,  +01 00 30,  BI Ori,  05 23 51.77,  +01 00 30.8
CG Dra,  19 07 32.8,  +52 58 29,  CG Dra,  19 07 32.78,  +52 58 28.9
V697 Sco,  17 51 21.8,  -37 24 55,  V697 Sco,  17 51 21.83,  -37 24 55.2
HH Cnc,  09 16 50.7,  +28 49 43,  HH Cnc,  09 16 50.78,  +28 49 43.7
SS Aur,  06 13 22.4,  +47 44 26,  SS Aur,  06 13 22.43,  +47 44 25.3
TW Vir,  11 45 21.1,  -04 26 06,  TW Vir,  11 45 21.16,  -04 26 05.8
V542 Cyg,  19 49 10.5,  +58 31 59,  V542 Cyg,  19 49 10.49,  +58 31 59.0
V795 Cyg,  19 34 34.1,  +31 32 12,  V795 Cyg,  19 34 34.09,  +31 32 11.9
V2306 Cyg,  19 58 14.5,  +32 32 42,  V2306 Cyg,  19 58 14.48,  +32 32 42.2
GI Mon,  07 26 47.1,  -06 40 30,  GI Mon,  07 26 47.10,  -06 40 29.5
BD Pav,  18 43 11.9,  -57 30 44,  BD Pav,  18 43 11.90,  -57 30 44.9
V400 Per,  03 07 38.3,  +47 07 40,  V400 Per,  03 07 38.24,  +47 07 40.0
U  Gem,  07 55 05.3,  +22 00 06,  U Gem,  07 55 05.23,  +22 00 05.1
ES Dra,  15 25 31.8,  +62 01 00,  ES Dra,  15 25 31.79,  +62 01 00.2
CW Mon,  06 36 54.5,  +00 02 16,  CW Mon,  06 36 54.58,  +00 02 17.2
UZ Ser,  18 11 24.9,  -14 55 34,  UZ Ser,  18 11 24.86,  -14 55 34.1
WW Cet,  00 11 24.8,  -11 28 43,  WW Cet,  00 11 24.77,  -11 28 43.2
V504 Cen,  14 12 49.1,  -40 21 37,  V504 Cen,  14 12 49.10,  -40 21 36.8
GY Cnc,  09 09 50.6,  +18 49 47,  GY Cnc,  09 09 50.54,  +18 49 47.5
V436 Car,  07 44 57.9,  -52 57 13,  V436 Car,  07 44 57.99,  -52 57 11.7
LS Peg,  21 51 57.9,  +14 06 54,  LS Peg,  21 51 57.93,  +14 06 53.3
V1043 Cen,  13 13 17.1,  -32 59 12,  V1043 Cen,  13 13 17.14,  -32 59 12.2
V729 Sgr,  19 16 49.2,  -26 14 33,  V729 Sgr,  19 16 49.10,  -26 14 33.7
V849 Oph,  18 14 07.3,  +11 36 43,  V849 Oph,  18 14 07.29,  +11 36 42.5
V405 Aur,  05 57 59.3,  +53 53 45,  V405 Aur,  05 57 59.27,  +53 53 45.1
FO Per,  04 08 35.0,  +51 14 48,  FO Per,  04 08 34.99,  +51 14 48.3
V516 Cyg,  20 47 09.8,  +41 55 27,  V516 Cyg,  20 47 09.78,  +41 55 26.5
LZ Mus,  11 56 09.0,  -65 34 21,  LZ Mus,  11 56 08.96,  -65 34 20.7
VW Vul,  20 57 45.1,  +25 30 26,  VW Vul,  20 57 45.07,  +25 30 25.7
DO Aql,  19 31 25.9,  -06 25 38,  DO Aql,  19 31 25.87,  -06 25 38.1
DO Dra,  11 43 38.3,  +71 41 20,  DO Dra,  11 43 38.50,  +71 41 20.7
AM Cas,  02 26 23.4,  +71 18 32,  AM Cas,  02 26 23.45,  +71 18 31.4
V1193 Ori,  05 16 26.7,  -00 12 14,  V1193 Ori,  05 16 26.67,  -00 12 14.3
V1776 Cyg,  20 23 30.5,  +46 31 30,  V1776 Cyg,  20 23 30.51,  +46 31 29.5
X  Leo,  09 51 01.5,  +11 52 31,  X Leo,  09 51 01.46,  +11 52 31.3
V842 Cen,  14 35 52.6,  -57 37 35,  V842 Cen,  14 35 52.55,  -57 37 35.3
UU Aqr,  22 09 05.7,  -03 46 18,  UU Aqr,  22 09 05.76,  -03 46 17.7
UU Aql,  19 57 18.7,  -09 19 21,  UU Aql,  19 57 18.76,  -09 19 20.9
CN Ori,  05 52 07.8,  -05 25 01,  CN Ori,  05 52 07.79,  -05 25 00.5
AR And,  01 45 03.3,  +37 56 33,  AR And,  01 45 03.28,  +37 56 32.7
KR Aur,  06 15 43.9,  +28 35 09,  KR Aur,  06 15 43.94,  +28 35 08.4
KT Per,  01 37 08.7,  +50 57 20,  KT Per,  01 37 08.79,  +50 57 20.4
CM Del,  20 24 56.9,  +17 17 54,  CM Del,  20 24 56.92,  +17 17 55.1
V367 Peg,  22 45 00.7,  +16 55 14,  V367 Peg,  22 45 00.71,  +16 55 14.0
VZ Aqr,  21 30 24.6,  -02 59 18,  VZ Aqr,  21 30 24.64,  -02 59 17.1
V4077 Sgr,  18 34 39.4,  -26 26 03,  V4077 Sgr,  18 34 39.41,  -26 26 02.9
CY Lyr,  18 52 41.4,  +26 45 30,  CY Lyr,  18 52 41.38,  +26 45 31.5
VY For,  03 32 04.6,  -25 56 56,  VY For,  03 32 04.61,  -25 56 55.0
LX Ser,  15 38 00.1,  +18 52 03,  LX Ser,  15 38 00.09,  +18 52 03.3
IP Peg,  23 23 08.6,  +18 24 59,  IP Peg,  23 23 08.53,  +18 24 59.2
V382 Vel,  10 44 48.4,  -52 25 31,  V382 Vel,  10 44 48.40,  -52 25 31.1
V523 Lyr,  19 21 07.5,  +37 47 57,  V523 Lyr,  19 21 07.53,  +37 47 56.8
V811 Cyg,  19 48 23.3,  +36 26 23,  V811 Cyg,  19 48 23.30,  +36 26 23.2
V1493 Aql,  19 07 36.9,  +12 31 27,  V1493 Aql,  19 07 36.91,  +12 31 26.7
SV CMi,  07 31 08.4,  +05 58 49,  SV CMi,  07 31 08.40,  +05 58 48.3
BH Lyn,  08 22 36.0,  +51 05 25,  BH Lyn,  08 22 36.04,  +51 05 24.6
V447 Lyr,  19 00 19.9,  +44 27 45,  V447 Lyr,  19 00 19.92,  +44 27 44.9
OY Ara,  16 40 50.3,  -52 25 51,  OY Ara,  16 40 50.27,  -52 25 51.3
GS Pav,  20 08 07.6,  -69 48 58,  GS Pav,  20 08 07.61,  -69 48 58.6
IW And,  01 01 08.9,  +43 23 26,  IW And,  01 01 08.91,  +43 23 25.8
PY Per,  02 50 00.1,  +37 39 23,  PY Per,  02 50 00.,  +37 39 22.
QQ Vul,  20 05 41.9,  +22 39 59,  QQ Vul,  20 05 41.91,  +22 39 58.9
V380 Oph,  17 50 13.7,  +06 05 29,  V380 Oph,  17 50 13.64,  +06 05 29.3
BB Dor,  05 29 28.7,  -58 54 46,  BB Dor,  05 29 28.59,  -58 54 46.3
V373 Sct,  18 55 26.7,  -07 43 06,  V373 Sct,  18 55 26.71,  -07 43 05.5
WY Sge,  19 32 43.8,  +17 44 55,  WY Sge,  19 32 43.88,  +17 44 54.7
V992 Sco,  17 07 17.5,  -43 15 22,  V992 Sco,  17 07 17.44,  -43 15 21.6
V4579 Sgr,  18 03 37.9,  -28 00 09,  V4579 Sgr,  18 03 37.84,  -28 00 07.5
BZ Cam,  06 29 34.0,  +71 04 37,  BZ Cam,  06 29 34.00,  +71 04 34.3
V794 Aql,  20 17 34.0,  -03 39 51,  V794 Aql,  20 17 33.92,  -03 39 50.8
BP Lyn,  09 03 08.9,  +41 17 48,  BP Lyn,  09 03 08.89,  +41 17 47.6
AB Dra,  19 49 06.5,  +77 44 24,  AB Dra,  19 49 06.51,  +77 44 22.9
V999 Sgr,  18 00 05.6,  -27 33 14,  V999 Sgr,  18 00 05.59,  -27 33 14.0
LX And,  02 19 44.1,  +40 27 22,  LX And,  02 19 44.09,  +40 27 22.3
V5113 Sgr,  18 10 10.4,  -27 45 33,  V5113 Sgr,  18 10 10.42,  -27 45 35.2
EF Tuc,  00 01 55.0,  -67 07 44,  EF Tuc,  00 01 55.10,  -67 07 43.3
LU Cam,  05 58 18.0,  +67 53 46,  LU Cam,  05 58 17.88,  +67 53 46.4
AO Psc,  22 55 18.0,  -03 10 40,  AO Psc,  22 55 17.99,  -03 10 40.0
V425 Cas,  23 03 46.6,  +53 17 15,  V425 Cas,  23 03 46.66,  +53 17 14.8
V2574 Oph,  17 38 45.5,  -23 28 19,  V2574 Oph,  17 38 45.51,  -23 28 18.6
V533 Her,  18 14 20.5,  +41 51 23,  V533 Her,  18 14 20.48,  +41 51 22.1
PX And,  00 30 05.8,  +26 17 27,  PX And,  00 30 05.81,  +26 17 26.5
Leo 5,  10 28 00.1,  +21 48 14,  Leo5,  10 28 00.11,  +21 48 13.2
IM Eri,  04 24 41.1,  -20 07 12,  IM Eri,  04 24 41.11,  -20 07 11.8
V500 Aql,  19 52 28.0,  +08 28 46,  V500 Aql,  19 52 28.03,  +08 28 46.8
CP Lac,  22 15 41.2,  +55 37 02,  CP Lac,  22 15 41.09,  +55 37 01.3
RR Pic,  06 35 36.1,  -62 38 24,  RR Pic,  06 35 36.07,  -62 38 24.3
VZ Scl,  23 50 09.2,  -26 22 53,  VZ Scl,  23 50 09.24,  -26 22 52.7
V751 Cyg,  20 52 12.8,  +44 19 26,  V751 Cyg,  20 52 12.78,  +44 19 26.1
LN UMa,  10 04 34.7,  +66 29 15,  LN UMa,  10 04 34.63,  +66 29 14.5
V1101 Aql,  20 13 04.0,  +15 35 47,  V1101 Aql,  20 13 04.07,  +15 35 46.8
UU Col,  05 12 13.1,  -32 41 39,  UU Col,  05 12 13.22,  -32 41 39.8
V584 Lyr,  19 10 59.4,  +28 56 39,  V584 Lyr,  19 10 59.42,  +28 56 38.9
V909 Sgr,  18 25 52.3,  -35 01 27,  V909 Sgr,  18 25 52.3,  -35 01 26.9
LS Cam,  05 57 24.0,  +72 41 52,  LS Cam,  05 57 23.93,  +72 41 52.6
V2289 Cyg,  19 34 36.1,  +51 07 41,  V2289 Cyg,  19 34 36.20,  +51 07 42.4
V2400 Oph,  17 12 36.4,  -24 14 45,  V2400 Oph,  17 12 36.43,  -24 14 44.7
AQ Men,  05 07 53.6,  -79 51 24,  AQ Men,  05 07 53.76,  -79 51 23.2
MN Hya,  09 29 07.1,  -24 05 05,  MN Hya,  09 29 07.04,  -24 05 05.4
V849 Her,  16 35 45.7,  +11 24 58,  V849 Her,  16 35 45.70,  +11 24 58.1
AH Pic,  05 57 12.7,  -59 35 26,  AH Pic,  05 57 12.55,  -59 35 26.0
V388 Peg,  21 57 32.4,  +08 55 14,  V388 Peg,  21 57 32.30,  +08 55 15.4
V1223 Sgr,  18 55 02.2,  -31 09 49,  V1223 Sgr,  18 55 02.31,  -31 09 49.6
V1432 Aql,  19 40 11.5,  -10 25 25,  V1432 Aql,  19 40 11.42,  -10 25 25.8
RR Cha,  13 26 24.2,  -82 19 43,  RR Cha,  13 26 23.80,  -82 19 43.1
BO Cet,  02 06 39.2,  -02 03 43,  BO Cet,  02 06 39.27,  -02 03 42.5
BY Cam,  05 42 48.9,  +60 51 32,  BY Cam,  05 42 48.77,  +60 51 31.5
V1315 Aql,  19 13 54.5,  +12 18 03,  V1315 Aql,  19 13 54.54,  +12 18 03.5
TT Tri,  01 31 59.7,  +29 49 22,  TT Tri,  01 31 59.86,  +29 49 22.1
V1500 Cyg,  21 11 36.6,  +48 09 02,  V1500 Cyg,  21 11 36.51,  +48 09 02.8
WX Ari,  02 47 36.2,  +10 35 39,  WX Ari,  02 47 36.22,  +10 35 37.7
DY Pup,  08 13 48.4,  -26 33 57,  DY Pup,  08 13 48.47,  -26 33 56.4
V378 Peg,  23 40 04.3,  +30 17 47,  V378 Peg,  23 40 04.29,  +30 17 47.4
V1668 Cyg,  21 42 35.2,  +44 01 55,  V1668 Cyg,  21 42 35.22,  +44 01 54.9
V728 Sco,  17 39 05.6,  -45 27 14,  V728 Sco,  17 39 12.3,  -45 28 45.
V603 Aql,  18 48 54.6,  +00 35 03,  V603 Aql,  18 48 54.64,  +00 35 02.9
TT Ari,  02 06 53.1,  +15 17 43,  TT Ari,  02 06 53.09,  +15 17 41.8
DW UMa,  10 33 53.0,  +58 46 55,  DW UMa,  10 33 52.86,  +58 46 54.7
XX Tau,  05 19 24.5,  +16 43 00,  XX Tau,  05 19 24.46,  +16 43 00.7
OR And,  23 04 37.4,  +49 27 24,  OR And,  23 04 37.42,  +49 27 23.9
HL Aqr,  22 20 26.9,  +02 00 54,  HL Aqr,  22 20 26.93,  +02 00 53.4
V393 Hya,  11 00 17.5,  -29 51 59,  V393 Hya,  11 00 17.47,  -29 51 59.1
SW Sex,  10 15 09.4,  -03 08 34,  SW Sex,  10 15 09.40,  -03 08 33.1
Aqr 1,  22 38 43.8,  +01 08 21,  Aqr1,  22 38 43.83,  +01 08 20.7
BG CMi,  07 31 29.0,  +09 56 23,  BG CMi,  07 31 29.00,  +09 56 23.1
V1494 Aql,  19 23 05.4,  +04 57 20,  V1494 Aql,  19 23 05.33,  +04 57 19.0
V4742 Sgr,  18 02 21.9,  -25 20 32,  V4742 Sgr,  18 02 21.86,  -25 20 32.2
MV Lyr,  19 07 16.3,  +44 01 08,  MV Lyr,  19 07 16.29,  +44 01 07.7
V1033 Cen,  11 41 22.9,  -64 10 14,  V1033 Cen,  11 41 22.71,  -64 10 14.6
DK Lac,  22 49 47.0,  +53 17 20,  DK Lac,  22 49 46.97,  +53 17 20.0
AM Her,  18 16 13.3,  +49 52 04,  AM Her,  18 16 13.33,  +49 52 04.3
KQ Mon,  07 31 21.1,  -10 21 50,  KQ Mon,  07 31 21.13,  -10 21 49.0
DN Gem,  06 54 54.4,  +32 08 27,  DN Gem,  06 54 54.35,  +32 08 27.9
AH Men,  06 11 44.1,  -81 49 24,  AH Men,  06 11 44.46,  -81 49 23.1
BX Pup,  07 54 15.6,  -24 19 36,  BX Pup,  07 54 15.58,  -24 19 36.5
V4633 Sgr,  18 21 40.5,  -27 31 38,  V4633 Sgr,  18 21 40.47,  -27 31 38.0
LQ Peg,  21 36 19.1,  +11 40 55,  LQ Peg,  21 36 19.12,  +11 40 54.4
V442 Oph,  17 32 15.1,  -16 15 22,  V442 Oph,  17 32 15.14,  -16 15 21.6
V5116 Sgr,  18 17 50.8,  -30 26 32,  V5116 Sgr,  18 17 50.79,  -30 26 32.4
DM Gem,  06 44 12.1,  +29 56 42,  DM Gem,  06 44 12.15,  +29 56 42.0
HY Eri,  05 01 46.3,  -03 59 21,  HY Eri,  05 01 46.39,  -03 59 20.7
V351 Pup,  08 11 38.3,  -35 07 31,  V351 Pup,  08 11 38.40,  -35 07 30.5
V630 Sgr,  18 08 48.4,  -34 20 22,  V630 Sgr,  18 08 48.25,  -34 20 21.4
V2214 Oph,  17 12 01.6,  -29 37 33,  V2214 Oph,  17 12 01.58,  -29 37 33.3
TU Men,  04 41 40.7,  -76 36 46,  TU Men,  04 41 40.52,  -76 36 46.3
WX LMi,  10 26 27.5,  +38 45 04,  WX LMi,  10 26 27.49,  +38 45 02.5
V592 Cas,  00 20 52.2,  +55 42 17,  V592 Cas,  00 20 52.24,  +55 42 16.2
V405 Vul,  19 53 05.0,  +21 14 49,  V405 Vul,  19 53 04.94,  +21 14 48.6
QU Vul,  20 26 46.0,  +27 50 43,  QU Vul,  20 26 46.02,  +27 50 43.2
KZ Gem,  06 53 02.5,  +16 39 59,  KZ Gem,  06 53 02.47,  +16 39 58.7
V349 Pav,  20 08 55.8,  -65 27 43,  V349 Pav,  20 08 55.86,  -65 27 43.5
CI Gem,  06 30 05.9,  +22 18 51,  CI Gem,  06 30 05.86,  +22 18 50.7
AX Cap,  20 08 57.0,  -17 16 38,  AX Cap,  20 08 57.01,  -17 16 38.1
V795 Her,  17 12 56.1,  +33 31 21,  V795 Her,  17 12 56.17,  +33 31 19.2
V  Per,  02 01 53.9,  +56 44 04,  V Per,  02 01 53.92,  +56 44 03.5
IM Nor,  15 39 26.5,  -52 19 18,  IM Nor,  15 39 26.47,  -52 19 18.0
V348 Pup,  07 12 32.9,  -36 05 40,  V348 Pup,  07 12 32.90,  -36 05 38.6
V1363 Cyg,  20 06 11.5,  +33 42 38,  V1363 Cyg,  20 06 11.53,  +33 42 37.7
MN Dra,  20 23 38.3,  +64 36 27,  MN Dra,  20 23 38.33,  +64 36 27.0
V1006 Cyg,  19 48 47.2,  +57 09 22,  V1006 Cyg,  19 48 47.22,  +57 09 21.8
NY Ser,  15 13 02.3,  +23 15 08,  NY Ser,  15 13 02.30,  +23 15 08.4
DD Cir,  14 23 23.5,  -69 08 45,  DD Cir,  14 23 23.46,  -69 08 45.3
QS Tel,  19 38 35.7,  -46 12 57,  QS Tel,  19 38 35.80,  -46 12 56.6
V516 Pup,  08 03 45.5,  -47 48 45,  V516 Pup,  08 03 45.61,  -47 48 44.6
DV Sco,  16 50 27.9,  -28 07 59,  DV Sco,  16 50 27.93,  -28 07 58.6
V725 Aql,  19 56 45.1,  +10 49 32,  V725 Aql,  19 56 45.00,  +10 49 33.3
V381 Vel,  10 16 58.9,  -41 03 45,  V381 Vel,  10 16 58.99,  -41 03 44.2
UW Pic,  05 31 35.6,  -46 24 06,  UW Pic,  05 31 35.59,  -46 24 05.9
AD Men,  06 04 30.9,  -71 25 23,  AD Men,  06 04 30.78,  -71 25 22.4
V589 Her,  16 22 07.2,  +19 22 36,  V589 Her,  16 22 07.15,  +19 22 36.7
UV Gem,  06 38 44.1,  +18 16 11,  UV Gem,  06 38 44.12,  +18 16 12.0
GX Cas,  00 49 01.5,  +56 52 45,  GX Cas,  00 49 01.55,  +56 52 44.1
GZ Cnc,  09 15 51.7,  +09 00 50,  GZ Cnc,  09 15 51.67,  +09 00 49.6
V344 Lyr,  18 44 39.2,  +43 22 28,  V344 Lyr,  18 44 39.18,  +43 22 28.2
UZ For,  03 35 28.6,  -25 44 23,  UZ For,  03 35 28.62,  -25 44 22.3
EU Cnc,  08 51 27.2,  +11 46 57,  EU Cnc,  08 51 27.19,  +11 46 57.0
IR Com,  12 39 32.0,  +21 08 06,  IR Com,  12 39 32.03,  +21 08 06.9
HU Aqr,  21 07 58.3,  -05 17 39,  HU Aqr,  21 07 58.22,  -05 17 40.1
YZ Cnc,  08 10 56.6,  +28 08 34,  YZ Cnc,  08 10 56.65,  +28 08 33.3
V419 Lyr,  19 10 13.9,  +29 06 14,  V419 Lyr,  19 10 13.90,  +29 06 14.3
V823 Cyg,  20 01 49.3,  +36 07 24,  V823 Cyg,  20 01 49.26,  +36 07 24.4
DV UMa,  09 46 36.7,  +44 46 45,  DV UMa,  09 46 36.59,  +44 46 44.7
V452 Cas,  00 52 18.1,  +53 51 50,  V452 Cas,  00 52 18.06,  +53 51 50.1
KK Tel,  20 28 38.5,  -52 18 45,  KK Tel,  20 28 38.52,  -52 18 45.0
TY PsA,  22 49 39.9,  -27 06 54,  TY PsA,  22 49 39.87,  -27 06 53.3
BF Ara,  17 38 21.3,  -47 10 41,  BF Ara,  17 38 21.32,  -47 10 41.1
V516 Lyr,  19 20 35.7,  +37 44 52,  V516 Lyr,  19 20 35.67,  +37 44 52.3
EF Peg,  21 15 04.1,  +14 03 49,  EF Peg,  21 15 04.,  +14 03 50.
V1007 Her,  17 24 06.3,  +41 14 09,  V1007 Her,  17 24 06.28,  +41 14 08.0
QZ Ser,  15 56 54.5,  +21 07 20,  QZ Ser,  15 56 54.48,  +21 07 19.0
HV Aur,  04 53 16.8,  +38 16 29,  HV Aur,  04 53 16.82,  +38 16 28.7
V364 Peg,  21 12 29.7,  +12 32 04,  V364 Peg,  21 12 29.58,  +12 32 05.0
TU Crt,  11 03 36.5,  -21 37 46,  TU Crt,  11 03 36.53,  -21 37 45.5
V369 Peg,  23 03 41.8,  +17 17 56,  V369 Peg,  23 03 41.81,  +17 17 55.3
RX Cha,  10 36 26.3,  -80 02 48,  RX Cha,  10 36 26.11,  -80 02 47.9
KP Cas,  00 38 54.8,  +61 13 00,  KP Cas,  00 38 54.78,  +61 13 00.2
V1974 Cyg,  20 30 31.7,  +52 37 51,  V1974 Cyg,  20 30 31.67,  +52 37 50.8
V877 Ara,  17 16 53.9,  -65 32 52,  V877 Ara,  17 16 53.89,  -65 32 51.5
CP Dra,  10 15 39.8,  +73 26 05,  CP Dra,  10 15 39.80,  +73 26 05.1
AR UMa,  11 15 44.7,  +42 58 23,  AR UMa,  11 15 44.56,  +42 58 22.4
WW Hor,  02 36 11.5,  -52 19 14,  WW Hor,  02 36 11.39,  -52 19 13.4
AN UMa,  11 04 25.7,  +45 03 15,  AN UMa,  11 04 25.67,  +45 03 14.0
EK UMa,  10 51 35.2,  +54 04 36,  EK UMa,  10 51 35.15,  +54 04 36.1
RS Car,  11 08 05.8,  -61 56 09,  RS Car,  11 08 05.78,  -61 56 08.2
BR Lup,  15 35 53.1,  -40 34 05,  BR Lup,  15 35 53.,  -40 34 06.
ST LMi,  11 05 39.8,  +25 06 29,  ST LMi,  11 05 39.76,  +25 06 28.7
BL Hyi,  01 41 00.3,  -67 53 28,  BL Hyi,  01 41 00.24,  -67 53 28.4
MR Ser,  15 52 47.2,  +18 56 28,  MR Ser,  15 52 47.18,  +18 56 29.2
V884 Her,  18 02 06.5,  +18 04 43,  V884 Her,  18 02 06.52,  +18 04 44.9
V2301 Oph,  18 00 35.6,  +08 10 13,  V2301 Oph,  18 00 35.58,  +08 10 13.6
BZ Cir,  14 54 15.2,  -68 16 19,  BZ Cir,  14 54 15.21,  -68 16 19.2
V660 Her,  17 42 09.2,  +23 48 31,  V660 Her,  17 42 09.17,  +23 48 29.9
PV Per,  02 42 53.5,  +38 04 04,  PV Per,  02 42 53.47,  +38 04 03.3
CU Vel,  08 58 32.9,  -41 47 51,  CU Vel,  08 58 33.05,  -41 47 51.8
V359 Cen,  11 58 15.3,  -41 46 10,  V359 Cen,  11 58 15.33,  -41 46 08.4
TY Vul,  20 41 44.0,  +25 35 11,  TY Vul,  20 41 44.,  +25 35 11.
V503 Cyg,  20 27 17.4,  +43 41 23,  V503 Cyg,  20 27 17.40,  +43 41 22.7
DH Aql,  19 26 10.8,  -10 15 29,  DH Aql,  19 26 10.82,  -10 15 30.2
CD Ind,  21 15 41.0,  -58 40 54,  CD Ind,  21 15 40.97,  -58 40 53.6
AB Nor,  15 49 15.5,  -43 04 49,  AB Nor,  15 49 15.48,  -43 04 48.7
V344 Pav,  19 16 09.7,  -62 35 53,  V344 Pav,  19 16 09.58,  -62 35 53.1
HS Vir,  13 43 38.4,  -08 14 03,  HS Vir,  13 43 38.45,  -08 14 04.0
V630 Cyg,  21 34 59.2,  +40 40 19,  V630 Cyg,  21 34 59.22,  +40 40 18.7
V1113 Cyg,  19 22 42.1,  +52 44 00,  V1113 Cyg,  19 22 42.07,  +52 43 59.1
AW Gem,  07 22 40.6,  +28 30 16,  AW Gem,  07 22 40.78,  +28 30 16.5
SU UMa,  08 12 28.2,  +62 36 23,  SU UMa,  08 12 28.27,  +62 36 22.4
T  Pyx,  09 04 41.5,  -32 22 47,  T Pyx,  09 04 41.51,  -32 22 47.6
QY Per,  03 15 36.8,  +42 28 14,  QY Per,  03 15 36.8,  +42 28 15.
RZ Leo,  11 37 22.3,  +01 48 58,  RZ Leo,  11 37 22.25,  +01 48 58.6
V368 Per,  02 47 32.6,  +34 58 28,  V368 Per,  02 47 32.59,  +34 58 28.0
V893 Sco,  16 15 15.1,  -28 37 31,  V893 Sco,  16 15 14.98,  -28 37 32.1
EG Aqr,  23 25 19.2,  -08 18 19,  EG Aqr,  23 25 19.20,  -08 18 19.2
WY Tri,  02 25 00.5,  +32 59 56,  WY Tri,  02 25 00.48,  +32 59 56.1
TT Boo,  14 57 44.7,  +40 43 42,  TT Boo,  14 57 44.75,  +40 43 40.7
CE Gru,  21 37 56.4,  -43 42 13,  CE Gru,  21 37 56.43,  -43 42 13.6
FT Cam,  03 21 14.4,  +61 05 27,  FT Cam,  03 21 14.30,  +61 05 26.7
BK Lyn,  09 20 11.2,  +33 56 42,  BK Lyn,  09 20 11.21,  +33 56 42.4
WX Hyi,  02 09 50.7,  -63 18 40,  WX Hyi,  02 09 50.83,  -63 18 39.9
LY Hya,  13 31 53.8,  -29 40 59,  LY Hya,  13 31 53.86,  -29 40 59.4
BE Oct,  00 00 48.8,  -77 18 57,  BE Oct,  00 00 48.97,  -77 18 57.6
QW Ser,  15 26 14.0,  +08 18 02,  QW Ser,  15 26 13.96,  +08 18 02.3
Z  Cha,  08 07 28.2,  -76 32 01,  Z Cha,  08 07 27.77,  -76 32 00.8
VW Hyi,  04 09 11.3,  -71 17 41,  VW Hyi,  04 09 11.40,  -71 17 41.6
V663 Ara,  16 46 57.7,  -55 41 21,  V663 Ara,  16 46 57.71,  -55 41 21.2
V1316 Cyg,  20 12 13.6,  +42 45 52,  V1316 Cyg,  20 12 13.62,  +42 45 51.5
IY UMa,  10 43 57.0,  +58 07 33,  IY UMa,  10 43 56.73,  +58 07 31.9
V1251 Cyg,  21 40 54.4,  +48 39 43,  V1251 Cyg,  21 40 54.40,  +48 39 43.3
AY Lyr,  18 44 26.7,  +37 59 52,  AY Lyr,  18 44 26.69,  +37 59 52.0
HT Cas,  01 10 13.0,  +60 04 36,  HT Cas,  01 10 13.12,  +60 04 35.7
CC Cnc,  08 36 19.2,  +21 21 05,  CC Cnc,  08 36 19.15,  +21 21 05.4
DM Dra,  15 34 12.1,  +59 48 32,  DM Dra,  15 34 12.17,  +59 48 32.3
VZ Pyx,  08 59 19.9,  -24 28 55,  VZ Pyx,  08 59 19.84,  -24 28 55.3
KV And,  02 17 13.8,  +40 41 31,  KV And,  02 17 13.87,  +40 41 29.7
IL Vul,  20 38 32.7,  +22 42 17,  IL Vul,  20 38 32.72,  +22 42 16.7
OU Vir,  14 35 00.1,  -00 46 07,  OU Vir,  14 35 00.22,  -00 46 06.3
EP Dra,  19 07 06.1,  +69 08 42,  EP Dra,  19 07 06.18,  +69 08 44.2
AW Sge,  19 58 37.1,  +16 41 29,  AW Sge,  19 58 37.10,  +16 41 28.6
TU Tri,  01 39 15.3,  +31 24 19,  TU Tri,  01 39 15.74,  +31 24 15.1
V1047 Aql,  19 51 31.1,  +10 57 22,  V1047 Aql,  19 51 31.11,  +10 57 22.2
FO And,  01 15 32.1,  +37 37 36,  FO And,  01 15 32.14,  +37 37 35.6
FQ Mon,  07 16 41.2,  -06 56 49,  FQ Mon,  07 16 41.25,  -06 56 49.1
VW CrB,  16 00 03.8,  +33 11 15,  VW CrB,  16 00 03.70,  +33 11 14.1
RS Cae,  04 53 25.5,  -42 13 40,  RS Cae,  04 53 25.46,  -42 13 39.2
V834 Cen,  14 09 07.5,  -45 17 17,  V834 Cen,  14 09 07.30,  -45 17 16.2
V2527 Oph,  17 22 04.4,  -19 49 09,  V2527 Oph,  17 22 04.37,  -19 49 08.5
VV Pup,  08 15 06.7,  -19 03 17,  VV Pup,  08 15 06.78,  -19 03 17.8
CY UMa,  10 56 57.1,  +49 41 19,  CY UMa,  10 56 57.00,  +49 41 18.3
V1504 Cyg,  19 28 56.5,  +43 05 37,  V1504 Cyg,  19 28 56.45,  +43 05 37.3
RU Hor,  02 46 07.5,  -63 35 47,  RU Hor,  02 46 07.50,  -63 35 46.0
CF Gru,  21 41 23.0,  -45 04 31,  CF Gru,  21 41 22.98,  -45 04 31.4
V544 Her,  16 38 05.4,  +08 37 58,  V544 Her,  16 38 05.40,  +08 37 58.4
V1208 Tau,  04 59 44.0,  +19 26 23,  V1208 Tau,  04 59 44.03,  +19 26 23.2
V393 Pav,  19 57 11.5,  -57 38 22,  V393 Pav,  19 57 11.48,  -57 38 22.1
V368 Peg,  22 58 43.5,  +11 09 12,  V368 Peg,  22 58 43.52,  +11 09 12.3
V337 Cyg,  19 59 52.9,  +39 14 00,  V337 Cyg,  19 59 53.,  +39 14 02.
V699 Oph,  16 25 14.8,  -04 40 26,  V699 Oph,  16 25 14.79,  -04 40 25.8
IR Gem,  06 47 34.6,  +28 06 23,  IR Gem,  06 47 34.69,  +28 06 22.4
TY Psc,  01 25 39.4,  +32 23 10,  TY Psc,  01 25 39.38,  +32 23 09.1
RZ Sge,  20 03 18.5,  +17 02 53,  RZ Sge,  20 03 18.47,  +17 02 51.4
EX Hya,  12 52 24.4,  -29 14 57,  EX Hya,  12 52 24.22,  -29 14 56.0
HS Cam,  07 19 14.5,  +65 57 45,  HS Cam,  07 19 14.49,  +65 57 45.0
V1212 Tau,  03 51 57.0,  +25 25 28,  V1212 Tau,  03 51 56.97,  +25 25 27.8
KS UMa,  10 20 26.5,  +53 04 33,  KS UMa,  10 20 26.52,  +53 04 33.1
BZ UMa,  08 53 44.1,  +57 48 41,  BZ UMa,  08 53 44.17,  +57 48 40.6
SS UMi,  15 51 22.2,  +71 45 12,  SS UMi,  15 51 22.33,  +71 45 12.0
LW Cam,  07 04 09.9,  +62 03 28,  LW Cam,  07 04 09.98,  +62 03 28.3
V550 Cyg,  20 05 05.2,  +32 21 21,  V550 Cyg,  20 05 05.21,  +32 21 21.1
V701 Tau,  03 44 01.9,  +21 57 08,  V701 Tau,  03 44 01.9,  +21 57 08.4
SX LMi,  10 54 30.4,  +30 06 10,  SX LMi,  10 54 30.43,  +30 06 10.2
PU Per,  02 42 16.1,  +35 40 46,  PU Per,  02 42 16.14,  +35 40 47.4
IX Dra,  18 12 31.4,  +67 04 46,  IX Dra,  18 12 31.48,  +67 04 46.0
V551 Sgr,  18 00 56.5,  -34 35 45,  V551 Sgr,  18 00 56.5,  -34 35 45.
GO Com,  12 56 37.1,  +26 36 44,  GO Com,  12 56 37.09,  +26 36 43.5
DM Lyr,  18 58 44.4,  +30 15 33,  DM Lyr,  18 58 44.44,  +30 15 33.2
AO Oct,  21 05 08.2,  -75 21 02,  AO Oct,  21 05 08.19,  -75 21 02.5
AK Cnc,  08 55 21.2,  +11 18 15,  AK Cnc,  08 55 21.19,  +11 18 15.5
V1195 Oph,  17 00 21.7,  -20 53 34,  V1195 Oph,  17 00 21.68,  -20 53 33.8
AQ CMi,  07 14 34.8,  +08 48 06,  AQ CMi,  07 14 34.82,  +08 48 5.4
CT Hya,  08 51 07.4,  +03 08 34,  CT Hya,  08 51 07.39,  +03 08 34.3
UV Per,  02 10 08.3,  +57 11 21,  UV Per,  02 10 08.32,  +57 11 21.2
EQ Cet,  01 28 52.5,  -23 39 43,  EQ Cet,  01 28 52.52,  -23 39 43.8
V632 Cyg,  21 36 04.2,  +40 26 19,  V632 Cyg,  21 36 04.21,  +40 26 19.5
ER UMa,  09 47 11.8,  +51 54 09,  ER UMa,  09 47 11.93,  +51 54 09.0
CG CMa,  07 04 05.2,  -23 45 34,  CG CMa,  07 04 05.23,  -23 45 34.3
OY Car,  10 06 22.4,  -70 14 05,  OY Car,  10 06 22.10,  -70 14 04.7
VY Aqr,  21 12 09.2,  -08 49 37,  VY Aqr,  21 12 09.26,  -08 49 37.1
TV Crv,  12 20 24.2,  -18 27 02,  TV Crv,  12 20 24.17,  -18 27 01.9
EK TrA,  15 14 01.0,  -65 05 35,  EK TrA,  15 14 00.9,  -65 05 35.
HO Del,  20 36 55.5,  +14 03 09,  HO Del,  20 36 55.51,  +14 03 09.3
BC UMa,  11 52 15.9,  +49 14 42,  BC UMa,  11 52 15.83,  +49 14 41.9
EU UMa,  11 49 55.7,  +28 45 08,  EU UMa,  11 49 55.71,  +28 45 07.6
V347 Pav,  18 44 48.3,  -74 18 34,  V347 Pav,  18 44 48.12,  -74 18 34.1
V436 Cen,  11 14 00.1,  -37 40 49,  V436 Cen,  11 14 00.12,  -37 40 47.9
V2051 Oph,  17 08 19.1,  -25 48 31,  V2051 Oph,  17 08 19.09,  -25 48 30.8
DP Leo,  11 17 16.0,  +17 57 41,  DP Leo,  11 17 15.93,  +17 57 42.0
V1159 Ori,  05 28 59.5,  -03 33 53,  V1159 Ori,  05 28 59.55,  -03 33 52.8
V402 And,  00 11 07.3,  +30 32 36,  V402 And,  00 11 07.3,  +30 32 36.
V1141 Aql,  19 37 09.8,  +02 36 01,  V1141 Aql,  19 37 09.84,  +02 36 01.5
V611 Her,  16 44 49.4,  +19 59 40,  V611 Her,  16 44 49.43,  +19 59 40.0
CP Tuc,  23 15 19.1,  -59 10 28,  CP Tuc,  23 15 18.99,  -59 10 28.9
V4140 Sgr,  19 58 49.7,  -38 56 12,  V4140 Sgr,  19 58 49.68,  -38 56 12.4
CP Pup,  08 11 46.0,  -35 21 06,  CP Pup,  08 11 46.06,  -35 21 05.0
XZ Eri,  04 11 25.8,  -15 23 24,  XZ Eri,  04 11 25.78,  -15 23 23.6
AQ Eri,  05 06 13.0,  -04 08 07,  AQ Eri,  05 06 13.08,  -04 08 07.9
UZ Boo,  14 44 01.3,  +22 00 56,  UZ Boo,  14 44 01.21,  +22 00 54.8
V1028 Cyg,  20 00 56.6,  +56 56 37,  V1028 Cyg,  20 00 56.43,  +56 56 37.3
KX Aql,  19 33 53.7,  +14 17 47,  KX Aql,  19 33 53.64,  +14 17 46.1
RX Vol,  08 39 32.3,  -66 17 39,  RX Vol,  08 39 32.16,  -66 17 39.0
V1040 Cen,  11 55 27.1,  -56 41 53,  V1040 Cen,  11 55 26.72,  -56 41 52.0
VX For,  03 26 45.7,  -34 26 25,  VX For,  03 26 45.72,  -34 26 24.6
MM Sco,  17 30 45.3,  -42 11 41,  MM Sco,  17 30 45.23,  -42 11 41.6
V496 Aur,  07 27 52.3,  +40 46 54,  V496 Aur,  07 27 52.20,  +40 46 55.5
CI UMa,  10 18 13.0,  +71 55 43,  CI UMa,  10 18 13.12,  +71 55 44.2
DW Cnc,  07 58 53.1,  +16 16 45,  DW Cnc,  07 58 53.03,  +16 16 45.2
HT Cam,  07 57 01.3,  +63 06 01,  HT Cam,  07 57 01.37,  +63 06 01.8
FS Aur,  05 47 48.3,  +28 35 11,  FS Aur,  05 47 48.36,  +28 35 11.2
EL UMa,  10 55 07.0,  +36 59 46,  EL UMa,  10 55 07.00,  +36 59 45.7
GQ Mus,  11 52 02.5,  -67 12 20,  GQ Mus,  11 52 02.48,  -67 12 20.1
EN Cet,  00 27 28.0,  -01 08 28,  EN Cet,  00 27 28.01,  -01 08 28.5
V591 Cen,  12 42 18.0,  -33 34 07,  V591 Cen,  12 42 18.10,  -33 34 10.4
V585 Lyr,  19 13 58.4,  +40 44 09,  V585 Lyr,  19 13 58.43,  +40 44 10.3
RW UMi,  16 47 54.8,  +77 02 12,  RW UMi,  16 47 54.78,  +77 02 12.2
DV Dra,  18 17 23.1,  +50 48 18,  DV Dra,  18 17 23.10,  +50 48 18.1
FL TrA,  16 30 36.6,  -61 50 21,  FL TrA,  16 30 36.61,  -61 50 21.0
EG Cnc,  08 43 04.0,  +27 51 50,  EG Cnc,  08 43 03.99,  +27 51 49.7
V1025 Cen,  12 38 16.5,  -38 42 46,  V1025 Cen,  12 38 16.38,  -38 42 46.0
KV Dra,  14 50 38.3,  +64 03 28,  KV Dra,  14 50 38.31,  +64 03 28.4
CC Scl,  23 15 31.9,  -30 48 46,  CC Scl,  23 15 31.91,  -30 48 47.5
RZ LMi,  09 51 49.0,  +34 07 25,  RZ LMi,  09 51 48.93,  +34 07 23.9
WX Cet,  01 17 04.2,  -17 56 23,  WX Cet,  01 17 04.18,  -17 56 22.6
V1186 Sco,  17 12 51.3,  -30 56 38,  V1186 Sco,  17 12 51.28,  -30 56 37.6
MM Hya,  09 14 14.0,  -06 47 45,  MM Hya,  09 14 14.03,  -06 47 44.8
DO Vul,  19 52 10.7,  +19 34 43,  DO Vul,  19 52 10.7,  +19 34 43.
HV Vir,  13 21 03.2,  +01 53 29,  HV Vir,  13 21 03.16,  +01 53 29.1
SW UMa,  08 36 42.8,  +53 28 38,  SW UMa,  08 36 42.74,  +53 28 38.1
GR Ori,  05 21 35.0,  +01 10 10,  GR Ori,  05 21 35.32,  +01 10 12.2
PU CMa,  06 40 47.7,  -24 23 14,  PU CMa,  06 40 47.68,  -24 23 13.9
WZ Sge,  20 07 36.4,  +17 42 15,  WZ Sge,  20 07 36.41,  +17 42 15.4
AL Com,  12 32 25.9,  +14 20 43,  AL Com,  12 32 25.80,  +14 20 42.3
V1454 Cyg,  19 53 38.5,  +35 21 46,  V1454 Cyg,  19 53 38.45,  +35 21 45.8
EF Eri,  03 14 13.0,  -22 35 41,  EF Eri,  03 14 13.26,  -22 35 43.3
PQ And,  02 29 29.5,  +40 02 39,  PQ And,  02 29 29.54,  +40 02 40.2
PT And,  00 40 24.4,  +41 04 03,  PT And,  00 40 24.35,  +41 04 03.1
CI Gru,  21 33 06.8,  -42 28 52,  CI Gru,  21 33 06.85,  -42 28 52.0
HV And,  00 40 55.3,  +43 24 59,  HV And,  00 40 55.41,  +43 24 59.4
V592 Her,  16 30 56.5,  +21 16 58,  V592 Her,  16 30 56.45,  +21 16 58.4
SS LMi,  10 34 05.9,  +31 08 00,  SS LMi,  10 34 05.43,  +31 08 08.3
FH UMa,  10 47 09.9,  +63 35 14,  FH UMa,  10 47 09.93,  +63 35 13.1
GG Leo,  10 15 34.7,  +09 04 42,  GG Leo,  10 15 34.67,  +09 04 42.0
V2176 Cyg,  19 27 11.6,  +54 17 52,  V2176 Cyg,  19 27 11.72,  +54 17 50.9
EV UMa,  13 07 53.9,  +53 51 30,  EV UMa,  13 07 53.87,  +53 51 30.6
LL And,  00 41 51.5,  +26 37 21,  LL And,  00 41 51.46,  +26 37 21.3
SV Ari,  03 25 03.4,  +19 49 53,  SV Ari,  03 25 03.34,  +19 49 52.9
V358 Lyr,  18 59 33.0,  +42 24 12,  V358 Lyr,  18 59 32.95,  +42 24 12.2
V844 Her,  16 25 01.7,  +39 09 27,  V844 Her,  16 25 01.75,  +39 09 26.4
DI UMa,  09 12 16.2,  +50 53 55,  DI UMa,  09 12 16.19,  +50 53 53.9
BW Scl,  23 53 00.7,  -38 51 46,  BW Scl,  23 53 00.82,  -38 51 46.0
PR Her,  18 08 04.4,  +38 46 17,  PR Her,  18 08 04.45,  +38 46 17.5
V4738 Sgr,  20 22 37.5,  -39 54 13,  V4738 Sgr,  20 22 37.53,  -39 54 12.8
CV Hyi,  01 32 42.0,  -65 54 32,  CV Hyi,  01 32 42.07,  -65 54 32.5
UW Tri,  02 45 17.3,  +33 31 26,  UW Tri,  02 45 17.29,  +33 31 26.3
GW Lib,  15 19 55.5,  -25 00 25,  GW Lib,  15 19 55.43,  -25 00 25.3
V574 Pup,  07 41 53.6,  -27 06 38,  V574 Pup,  07 41 53.56,  -27 06 38.1
V396 Hya,  13 12 46.9,  -23 21 31,  V396 Hya,  13 12 46.44,  -23 21 32.7
EI Psc,  23 29 54.3,  +06 28 11,  EI Psc,  23 29 54.21,  +06 28 11.6
V485 Cen,  12 57 23.3,  -33 12 07,  V485 Cen,  12 57 23.22,  -33 12 05.6
GP Com,  13 05 42.9,  +18 01 03,  GP Com,  13 05 42.41,  +18 01 04.0
CP Eri,  03 10 32.8,  -09 45 05,  CP Eri,  03 10 32.75,  -09 45 06.1
V803 Cen,  13 23 44.5,  -41 44 30,  V803 Cen,  13 23 44.54,  -41 44 29.7
KL Dra,  19 24 38.3,  +59 41 47,  KL Dra,  19 24 38.1,  +59 41 46.
CR Boo,  13 48 55.3,  +07 57 35,  CR Boo,  13 48 55.22,  +07 57 35.7
HP Lib,  15 35 53.1,  -14 13 12,  HP Lib,  15 35 53.10,  -14 13 12.1
AM CVn,  12 34 54.6,  +37 37 43,  AM CVn,  12 34 54.63,  +37 37 44.2
ES Cet,  02 00 52.2,  -09 24 32,  ES Cet,  02 00 52.24,  -09 24 31.6
V407 Vul,  19 14 26.1,  +24 56 43,  V407 Vul,  19 14 26.07,  +24 56 43.3
